Code,일련번호,품번,시험일자,운용월,Dataset,1,2,3,4,5,6,7,8,9,10,11,12,13,14,15,16,17,18,19,20,21,22,23,24,25,26,27
,,,,,,,,,,,,,,,,,,,,,,,,,,,,,,,,
,,,,,,,,,,,,,,,,,,,,,,,,,,,,,,,,
,,,,,,,,,,,,,,,,,,,,,,,,,,,,,,,,
,,,,,,,,,,,,,,,,,,,,,,,,,,,,,,,,
,,,,,,92,92,92,92,92,92,92,92,92,92,92,92,92,92,92,92,92,92,92,92,92,92,92,92,92,92,92
,,,,,,108,108,108,108,108,108,108,108,108,108,108,108,108,108,108,108,108,108,108,108,108,108,108,108,108,108,108
A,SN_Q_3128,P12345,2023-01-01,0,QIM,102.9168,102.0216,101.5134,95.7911,98.5504,98.2966,102.3223,100.7951,102.3235,101.997,99.4031,100.0818,99.8442,99.8111,101.2576,100.771,96.3456,99.2507,100.4952,101.3514,97.365,100.6207,98.3132,101.2888,102.2869,99.8932,97.3524
A,SN_Q_7170,P12345,2023-01-01,0,QIM,100.2842,100.6594,96.4113,100.6054,97.3591,102.9176,98.8064,99.4893,99.8084,98.859,98.314,98.0606,99.0035,102.99,102.3149,101.1419,101.5178,100.5208,94.6411,100.7595,98.0617,101.0874,98.1366,97.9988,102.8354,99.115,97.8831
A,SN_Q_7476,P12345,2023-01-01,0,QIM,103.7099,101.0001,99.512,99.9443,103.0697,101.8749,99.0792,100.111,103.2492,97.9971,100.4399,98.7426,98.2226,100.2886,98.5308,98.3052,96.9193,102.4037,101.2151,95.4399,105.2415,96.5089,102.5041,100.0082,100.2086,98.464,100.8084
A,SN_Q_5456,P12345,2023-01-01,0,QIM,99.607,102.9558,100.3316,104.2735,97.536,99.8992,100.2562,100.1414,98.7767,99.0051,103.6906,99.175,103.4085,99.7613,104.7879,99.0726,98.9784,96.7246,100.7967,100.7124,96.1242,101.2201,106.0916,102.4521,97.6516,98.656,101.5839
A,SN_Q_2554,P12345,2023-01-01,0,QIM,99.4453,102.5021,100.8028,97.6355,101.7191,100.6834,100.6878,101.2706,100.2613,99.2719,97.6634,102.7634,97.8655,101.2614,100.7627,100.3035,101.0409,100.6358,100.541,98.5343,96.4961,102.9792,98.5212,100.5593,100.7011,99.5255,99.1869
A,SN_Q_7537,P12345,2023-01-01,0,QIM,96.7408,100.3637,103.1374,101.0321,101.0324,100.455,99.0089,100.4632,99.0481,99.7103,102.1125,100.0122,102.3782,101.6589,99.7039,97.2635,101.4703,98.6963,99.3313,104.091,100.0322,97.8727,99.6817,99.9874,100.3498,98.3734,99.9366
A,SN_Q_2673,P12345,2023-01-01,0,QIM,96.4127,98.2383,99.4331,97.3421,103.8495,96.3647,101.5218,100.1354,100.1501,98.9369,101.2995,100.2583,96.5527,98.8442,100.2656,100.6422,101.5802,101.4511,99.9477,100.4643,99.3705,99.8783,100.8821,98.7678,99.7515,97.6113,99.6581
A,SN_Q_8348,P12345,2023-01-01,0,QIM,99.8934,100.9079,102.9996,100.5169,98.6456,100.11,100.0569,99.951,101.5565,97.509,99.679,100.4673,101.971,100.5314,97.3838,100.4854,98.1713,100.0778,98.3041,99.193,99.3448,100.6818,101.3222,98.934,102.4329,96.4591,99.0971
A,SN_Q_4517,P12345,2023-01-01,0,QIM,102.3545,102.1293,97.4751,100.0271,100.7719,98.2534,95.989,99.0728,97.4925,98.6629,99.8583,99.2068,101.599,99.7453,98.9315,100.5813,101.5728,99.4576,101.5235,101.1282,101.6372,95.5345,101.5952,100.525,97.2642,100.8642,103.4817
A,SN_Q_3982,P12345,2023-01-01,0,QIM,100.485,101.9989,97.8939,99.9218,101.0832,101.0074,100.9796,99.0339,99.8929,101.5753,99.2555,98.7033,100.8795,99.5234,98.5,101.6971,99.9945,97.5487,102.1322,100.5801,98.1734,101.291,101.4646,100.8148,100.6735,101.4459,100.4517
A,SN_Q_6345,P12345,2023-01-01,0,QIM,97.6579,99.6413,100.4341,99.9804,101.8589,98.8293,101.3018,101.9318,102.3577,100.7377,99.9996,103.9533,97.0257,100.2681,100.9205,101.8802,100.6071,100.7923,98.5128,99.4222,96.9042,100.1503,100.0136,99.5378,95.7099,97.2248,98.7875
A,SN_Q_1175,P12345,2023-01-01,0,QIM,96.8094,103.4465,100.5213,101.1884,97.1107,98.6487,102.329,100.2766,99.0952,97.3412,98.535,98.2891,100.147,100.0782,97.8266,98.8688,101.6637,100.4767,98.3838,103.1644,99.8964,100.3937,104.6259,101.0695,100.1606,101.8586,102.2463
A,SN_Q_2341,P12345,2023-01-01,0,QIM,101.7516,98.9431,97.1801,101.684,102.9604,102.0165,97.5349,101.1621,100.3898,99.5053,99.1704,97.3256,99.314,98.0897,102.0072,97.748,99.7993,99.4559,99.8653,102.4583,96.2827,102.7161,96.2652,102.5957,97.8492,100.4372,103.1952
A,SN_Q_3335,P12345,2023-01-01,0,QIM,99.1269,98.5536,99.6421,101.5197,96.328,99.7966,100.4932,100.3106,102.0121,102.263,100.7734,97.8397,100.6003,102.5495,99.6771,98.1725,98.5374,97.8566,98.1191,99.3564,97.1719,98.7836,99.3204,101.6175,100.7669,101.7329,102.5668
A,SN_Q_4549,P12345,2023-01-01,0,QIM,99.6619,97.468,96.5626,101.3499,100.8753,102.296,100.3929,97.0842,100.673,100.5183,102.226,98.1473,99.8569,102.869,101.3748,101.9893,102.6754,99.6815,96.206,95.4177,98.079,99.4353,102.4977,103.4354,101.5024,98.645,99.4457
A,SN_Q_3115,P12345,2023-01-01,0,QIM,98.1007,101.8414,101.8883,99.8547,99.5812,100.4871,102.4365,104.0307,104.468,99.6845,100.5715,100.3431,103.2188,98.8934,103.7197,101.5138,99.7288,103.4659,101.1542,100.0278,99.1344,100.9885,98.839,102.4863,98.6497,95.5507,101.494
A,SN_Q_9654,P12345,2023-01-01,0,QIM,100.3793,100.702,101.3093,100.5637,102.0951,102.0852,100.1833,98.1762,98.8864,99.1099,100.2956,99.8575,101.3381,100.4789,99.6149,98.6846,101.267,96.9871,99.387,100.6582,98.9858,98.4772,99.3457,103.32,100.6536,100.2146,100.9502
A,SN_Q_6475,P12345,2023-01-01,0,QIM,99.716,100.249,95.5769,102.7275,98.5556,99.2712,100.1641,104.7776,99.1864,96.041,99.6011,100.762,102.1758,99.7855,100.6136,96.891,99.702,101.6699,99.972,100.6338,102.0185,103.351,98.711,100.2192,102.167,98.3566,100.4939
A,SN_Q_7708,P12345,2023-01-01,0,QIM,101.4517,100.7294,99.092,104.8356,99.9778,103.3666,99.8726,102.3242,101.4139,103.2326,100.4318,101.4737,98.704,98.9117,97.9865,101.2511,96.6374,99.7332,101.8698,100.4966,101.2398,101.3328,99.2948,97.0273,97.7993,98.7733,102.9165
A,SN_Q_4516,P12345,2023-01-01,0,QIM,103.2294,101.06,101.8678,102.3633,99.1868,98.8456,99.981,100.5905,96.2883,97.1677,99.5204,99.8176,99.9797,100.1549,99.6888,103.8323,98.5358,102.8676,99.0008,100.8186,98.8964,99.4684,102.5064,100.7077,98.4116,101.9891,102.6975
A,SN_Q_3560,P12345,2023-01-01,0,QIM,99.0702,98.049,97.6958,98.207,103.2226,96.6316,97.7947,99.723,100.0385,103.1109,105.3721,98.514,102.449,98.4909,103.808,95.7243,98.9175,98.0867,99.523,100.0808,99.4623,98.6404,100.4625,100.0339,99.9423,95.5821,95.3098
A,SN_Q_4522,P12345,2023-01-01,0,QIM,99.8904,99.3315,99.929,96.5339,98.1641,102.0938,98.037,96.117,100.2266,101.8559,101.2489,99.1064,99.0353,96.6832,98.4339,101.0742,98.4228,99.8779,100.2957,100.0995,100.6297,104.191,99.3616,99.2943,98.8576,100.6519,97.2118
A,SN_Q_1367,P12345,2023-01-01,0,QIM,99.0792,99.7755,98.7843,99.6758,99.2798,99.6778,100.0618,98.3663,98.0945,105.0651,100.2772,96.402,102.1813,100.0936,97.2992,99.6559,101.6376,98.8791,102.3326,101.2269,101.0121,101.0869,100.0712,101.0672,104.6545,100.3805,99.874
A,SN_Q_2148,P12345,2023-01-01,0,QIM,101.8288,97.4886,98.5385,99.4618,99.9657,102.5448,102.7262,95.6266,100.1586,100.9416,99.9668,99.7591,101.0177,100.0566,98.5265,105.0181,99.7592,98.0622,102.0605,100.7281,101.8842,102.3374,98.8257,99.0755,100.1541,97.6975,101.6744
A,SN_Q_6304,P12345,2023-01-01,0,QIM,102.2248,96.9644,102.4835,102.2149,98.5318,98.4242,97.014,97.8237,101.7979,100.1079,104.8922,98.8165,97.8796,96.6976,99.6782,98.9619,96.8821,102.428,102.3196,100.5832,98.815,97.7952,98.923,96.126,99.221,97.2115,100.6869
A,SN_Q_1656,P12345,2023-01-01,0,QIM,103.633,97.2265,96.0642,100.571,103.6036,100.1711,101.4759,96.7129,102.7044,100.4939,98.9114,95.5652,102.2545,100.4396,98.1507,100.2188,99.7516,98.0368,99.4543,96.037,98.1373,96.4301,99.7969,100.5283,96.6044,99.0027,99.0254
A,SN_Q_4893,P12345,2023-01-01,0,QIM,99.9845,99.6252,99.3335,97.1225,101.6173,98.2412,100.797,101.0924,99.4263,100.2021,100.4259,97.8715,96.6344,100.9659,98.9081,102.7511,101.2566,98.8658,98.6607,99.4452,99.8748,103.0959,100.3159,102.3739,101.5341,98.2255,100.2533
A,SN_Q_8025,P12345,2023-01-01,0,QIM,100.2716,100.4274,103.9827,100.6894,100.6635,102.429,100.5246,97.5911,98.864,98.8071,97.7773,100.4222,98.0386,97.8014,100.7853,101.048,101.1688,98.723,99.1402,97.3545,100.9791,102.2092,97.8316,98.38,100.7433,97.8631,100.1928
A,SN_Q_5720,P12345,2023-01-01,0,QIM,101.0695,98.4832,101.0309,97.7392,97.0015,97.7205,100.5955,103.0075,104.3559,101.0808,101.1089,98.0378,101.4811,98.0182,101.7264,98.192,97.6383,101.8393,98.3586,98.586,98.5333,100.8148,97.6505,98.7336,101.4199,99.5606,98.8012
A,SN_Q_2250,P12345,2023-01-01,0,QIM,98.1641,98.7111,102.0307,97.4404,98.38,102.3616,98.0861,99.3412,98.3856,103.2192,100.8971,97.9524,97.0329,100.843,98.6964,99.0338,98.4641,98.9053,97.9501,98.7129,95.7604,103.9677,101.0962,98.6611,102.3967,100.9398,100.6716
A,SN_Q_2871,P12345,2023-01-01,0,QIM,99.9444,97.2568,99.716,103.2575,98.7133,97.2306,101.8774,99.0541,97.6525,103.1099,95.9827,100.9891,98.5033,98.239,99.8902,98.4993,96.7797,102.0339,101.716,100.9687,96.9507,101.3684,99.7917,97.2042,98.0953,98.0964,99.0245
A,SN_Q_7437,P12345,2023-01-01,0,QIM,103.3993,98.6426,99.6661,99.5251,101.4521,100.0136,99.4438,96.2575,103.1094,100.6762,100.4944,101.1357,99.552,96.9885,100.162,101.8616,100.5241,99.3428,100.0394,98.8299,99.2073,103.3048,104.7838,97.7833,98.1459,98.1449,95.6531
A,SN_Q_5891,P12345,2023-01-01,0,QIM,95.7247,99.3529,97.919,103.1453,103.1554,101.2055,97.1611,99.4558,99.2567,102.4727,98.8652,100.5678,102.1077,100.9827,101.5074,94.5236,97.0903,99.3459,97.9055,98.1059,96.8423,98.0774,99.6235,98.677,101.4594,101.4214,104.0134
A,SN_Q_5144,P12345,2023-01-01,0,QIM,96.802,99.3353,97.4141,98.2462,97.3728,100.2479,102.7844,101.5303,99.8902,98.3645,101.1581,100.7174,102.7792,99.2462,101.0003,97.3739,100.1514,99.2697,101.8147,97.6455,99.8828,103.3988,99.0987,98.5756,99.4822,99.0579,102.4283
A,SN_Q_2053,P12345,2023-01-01,0,QIM,97.7316,102.5318,97.7943,102.8861,98.3238,99.8238,96.891,98.9651,95.7382,99.1676,95.5548,98.7055,97.6855,95.7851,99.1287,98.7931,98.9699,101.8092,98.9673,98.9321,104.1003,102.5933,100.4422,102.0823,99.0242,100.4426,99.4719
A,SN_Q_6713,P12345,2023-01-01,0,QIM,100.5582,101.2369,102.4913,101.1438,98.9046,97.4591,100.5149,101.3343,97.7517,102.1093,98.5072,96.4552,99.9356,101.0443,101.3667,101.1546,102.3845,99.5718,103.8829,98.2113,98.1851,97.2605,101.0693,98.5486,98.2874,103.2575,99.5887
A,SN_Q_2947,P12345,2023-01-01,0,QIM,100.4772,95.3496,100.0501,99.4781,100.9965,103.2661,102.5192,97.938,98.6228,100.0626,99.0529,101.8145,101.197,96.9473,97.1995,100.7431,99.6899,101.8276,97.1685,101.688,95.683,99.8223,98.9671,102.6803,101.3125,97.5999,100.2141
A,SN_Q_5459,P12345,2023-01-01,0,QIM,100.9965,94.0327,99.9136,100.0556,102.0327,98.3009,99.4376,100.7532,98.6394,95.6336,102.8533,98.058,99.5684,102.5258,100.3505,102.727,102.4107,104.1251,101.3466,102.211,97.7583,99.3184,101.1232,97.4296,95.748,101.6628,97.7214
A,SN_Q_1770,P12345,2023-01-01,0,QIM,98.1961,98.8172,99.897,101.0793,99.3684,99.7845,98.7241,93.6751,100.8525,98.9682,101.0238,100.5862,102.5407,96.2212,96.735,99.4501,100.2612,100.5693,100.1284,99.8036,98.6016,97.6192,96.3638,98.6997,102.9683,99.178,99.2059
A,SN_Q_5650,P12345,2023-01-01,0,QIM,100.6939,102.9462,101.3284,95.9563,98.0132,102.5155,100.1224,94.5043,98.3713,100.0323,96.5235,99.2934,98.6485,101.6216,102.6171,100.9066,102.0571,103.7215,102.788,102.2843,102.09,101.7362,99.9536,98.6529,98.224,101.8683,101.3949
A,SN_Q_6202,P12345,2023-01-01,0,QIM,93.7212,99.4143,98.5524,103.3199,100.391,101.1731,99.0654,100.5724,99.3009,101.4254,100.7273,102.0252,101.7589,100.7712,99.5969,95.9367,100.1899,98.6578,97.7723,101.5042,100.7809,99.5255,96.7326,102.7188,99.166,99.5093,100.2006
A,SN_Q_2823,P12345,2023-01-01,0,QIM,98.5969,98.4125,101.7208,99.0965,101.9414,98.2397,101.4624,98.0068,98.1642,102.6249,101.3028,99.7281,99.2282,102.3369,98.2331,97.8615,99.5247,101.6905,100.9497,98.6921,97.9328,101.5723,99.0178,100.7649,98.279,100.2956,98.5272
A,SN_Q_6969,P12345,2023-01-01,0,QIM,99.322,102.0538,97.1239,95.7255,102.3537,99.9703,98.7548,99.3538,98.0293,101.2198,98.6433,98.2698,101.6661,96.8094,96.9117,99.4342,99.6961,103.21,99.1668,99.9285,97.9945,96.9529,98.295,101.8575,100.86,98.9887,98.8854
A,SN_Q_1975,P12345,2023-01-01,0,QIM,103.5093,99.3119,99.8898,100.8263,97.5134,98.6313,99.8798,96.8259,100.3143,100.8085,99.8508,98.7723,97.0219,99.8271,98.4767,101.903,98.9728,103.9281,100.3948,102.1702,99.7177,100.4998,101.5421,100.1129,100.2391,96.8336,102.9513
A,SN_Q_2332,P12345,2023-01-01,0,QIM,98.5787,101.7908,99.6845,102.7794,98.8563,98.4188,99.9414,101.2994,99.3328,99.8038,102.1975,100.8916,98.9605,96.4386,101.1485,101.521,103.0532,101.5911,100.8465,96.9247,101.3517,102.1243,97.7949,101.126,99.9452,96.2229,102.008
A,SN_Q_6357,P12345,2023-01-01,0,QIM,99.8596,100.9011,97.7558,98.869,98.4583,101.4258,100.3247,96.8939,99.4806,99.0551,100.7095,98.2572,100.4576,100.3824,103.389,100.3233,99.0702,97.3952,99.9631,100.0452,97.4435,97.6751,100.3913,100.2604,98.1299,99.3311,102.1415
A,SN_Q_2560,P12345,2023-01-01,0,QIM,101.1861,99.8508,104.1474,99.9807,99.5365,100.7541,101.9732,104.4435,99.9726,104.598,101.1013,97.4228,99.0045,100.3455,101.5656,98.7564,97.8245,98.3397,99.87,97.6326,99.8307,104.7293,99.2583,98.4738,98.3929,99.642,100.5436
A,SN_Q_4400,P12345,2023-01-01,0,QIM,99.8242,99.3535,101.2868,99.2722,98.2218,98.5591,98.7803,100.6028,97.8712,99.0695,99.7992,99.7202,101.3389,99.6017,101.9964,101.5197,102.922,101.5896,101.8035,101.0393,98.9637,100.3219,102.6791,100.4728,98.6729,97.4859,102.2224
A,SN_Q_2973,P12345,2023-01-01,0,QIM,103.9714,100.8965,100.8558,102.9398,101.2189,99.8652,98.4097,99.8324,100.1164,100.5823,99.9549,99.3082,100.5621,97.6149,98.9073,103.1181,99.2049,94.748,100.5169,98.1808,102.4343,103.4303,99.0866,102.9082,100.4828,100.005,97.04
A,SN_Q_6868,P12345,2023-01-01,0,QIM,100.2245,97.3307,97.902,96.0312,98.0243,105.2651,97.9467,98.4987,98.4709,100.4336,101.1836,102.5126,98.6244,101.3785,100.5485,100.3176,98.7346,101.3415,99.8135,102.3184,101.6676,99.0135,100.6094,99.9869,100.9251,101.2366,101.5121
A,SN_Q_3419,P12345,2023-01-01,0,QIM,101.8622,99.701,98.2146,101.674,99.3722,102.7291,99.9926,101.75,94.7377,102.262,100.8698,102.5476,98.471,102.5124,98.1045,99.753,100.876,100.5928,102.3778,100.2917,98.4029,100.1745,98.3318,98.5988,101.2561,95.1383,97.5872
A,SN_Q_2587,P12345,2023-01-01,0,QIM,97.0673,99.6782,99.6432,100.0745,100.144,97.891,98.4275,100.6951,98.5088,96.1315,96.4543,96.6408,99.4253,99.3405,98.2525,101.4056,99.1452,102.3657,96.6141,96.4176,102.8421,101.3615,100.4555,98.2944,95.6907,103.1935,98.6951
A,SN_Q_8213,P12345,2023-01-01,0,QIM,99.8534,95.7201,100.0564,101.1269,95.9824,99.8379,100.5048,102.3959,100.3363,99.369,98.4796,101.3441,100.1469,100.6834,97.8908,98.5513,99.0696,98.9335,96.7827,100.6273,100.7784,99.7701,102.1694,100.2898,98.9958,97.4807,97.19
A,SN_Q_2552,P12345,2023-01-01,0,QIM,102.1155,103.3003,99.2363,97.4218,98.4813,101.703,99.1178,98.0422,99.6071,102.8846,99.0894,101.4261,98.6364,100.1865,100.121,102.924,103.8859,97.3294,102.5961,101.1361,100.3561,97.4953,100.1558,100.7972,101.9598,102.3387,100.5238
A,SN_Q_9581,P12345,2023-01-01,0,QIM,100.7236,98.1428,100.5709,99.1581,98.99,100.8651,101.6592,96.0622,98.1829,98.9278,100.8322,97.7031,101.8897,101.9826,102.6586,98.6644,101.5019,101.1518,94.3782,99.8941,96.6081,98.1083,101.6776,100.0105,98.5951,101.2136,95.8537
A,SN_Q_3514,P12345,2023-01-01,0,QIM,93.3168,99.31,99.6972,99.9159,98.3906,101.1369,101.6372,98.2385,99.7898,105.5034,98.0715,102.4604,102.9671,102.4432,97.383,98.957,99.9082,100.4407,103.9339,97.0067,96.5478,99.2799,100.4034,96.3627,99.1867,101.5695,97.9385
A,SN_Q_9299,P12345,2023-01-01,0,QIM,100.5244,97.3325,101.5889,102.4997,96.6858,100.2085,98.8404,95.9786,98.1636,101.816,101.1341,103.1542,98.3688,102.4778,99.9041,103.6698,98.3455,100.6381,101.1462,98.6987,100.9721,102.2761,99.5679,99.5877,101.7009,98.2414,100.0822
A,SN_Q_7407,P12345,2023-01-01,0,QIM,103.3212,101.0079,99.1715,99.5234,101.4372,99.3866,98.3166,101.2123,101.723,100.6341,98.7599,103.9663,102.3086,98.2832,99.9933,98.0549,97.3337,98.4422,102.2049,100.8997,99.1364,99.7352,98.3361,98.3864,99.4759,100.1736,100.3856
A,SN_Q_1442,P12345,2023-01-01,0,QIM,101.5507,101.8019,100.6653,95.4053,98.5871,101.6257,97.9525,101.569,98.3022,99.0769,99.5956,100.2784,105.3309,97.896,99.7701,100.5793,100.2314,102.9105,99.5639,99.5231,100.5075,101.8993,99.5895,99.1117,100.0209,102.6197,103.0741
A,SN_Q_4141,P12345,2023-01-01,0,QIM,102.2761,105.4641,100.2103,97.0434,100.4332,96.7391,101.0185,100.2752,100.18,103.0481,101.4578,100.4693,100.9893,105.1283,98.6144,99.3179,100.0554,96.8678,99.0571,97.818,98.6235,104.7347,99.2308,98.3173,100.2877,97.4275,100.0137
A,SN_Q_7116,P12345,2023-01-01,0,QIM,101.6458,99.7372,98.9336,101.6372,100.9946,100.6706,100.3499,98.5744,98.155,100.5506,97.4261,98.7458,99.2114,99.3392,99.0542,99.0255,99.9777,103.6163,97.738,100.8501,99.1191,99.4869,98.2161,99.9413,101.9499,102.1988,101.1493
A,SN_Q_3732,P12345,2023-01-01,0,QIM,99.8369,102.3062,97.2612,99.3764,97.0997,102.1755,102.0017,99.3418,103.3562,98.3574,99.6885,98.6627,100.9393,99.2203,99.9057,98.0607,99.4192,100.6242,99.535,99.6984,98.6033,100.7814,100.5296,99.1419,99.114,100.2149,102.1098
A,SN_Q_9487,P12345,2023-01-01,0,QIM,100.1703,98.567,98.6196,101.6142,98.6933,98.4379,100.2542,99.6285,99.4003,100.2749,98.5065,100.7395,97.8787,97.9333,98.1999,101.4696,99.6081,101.7047,100.1967,100.1288,101.9903,99.9035,101.3628,97.6146,94.5415,100.2283,97.8943
A,SN_Q_5848,P12345,2023-01-01,0,QIM,100.239,99.2823,103.9084,98.11,97.2813,98.2659,103.8788,103.1816,98.0869,100.5023,96.591,99.8845,102.3696,100.299,100.4416,101.1654,101.392,100.0552,97.859,100.2666,106.3667,100.2877,100.1064,100.0342,104.1908,103.031,100.3154
A,SN_Q_1660,P12345,2023-01-01,0,QIM,100.0398,100.5199,97.6952,100.2844,100.9981,100.2129,100.5237,98.5121,97.4247,100.3651,98.8726,101.4401,100.7808,94.6338,100.5222,97.2085,100.0062,99.9495,102.7193,101.0395,99.1244,99.0091,97.7061,101.0288,101.4356,100.5979,100.1317
A,SN_Q_3707,P12345,2023-01-01,0,QIM,99.5197,100.076,99.4254,99.1939,98.9318,99.1506,103.064,98.0148,102.0237,100.5981,101.4409,99.7005,100.5281,99.8966,100.562,105.2572,99.5497,102.5241,98.0773,102.2767,101.2117,102.5329,96.7773,100.4694,99.5973,101.4286,97.5026
A,SN_Q_1664,P12345,2023-01-01,0,QIM,97.4111,98.6258,97.6547,100.4073,101.6027,102.0149,101.5357,102.9505,101.6519,100.3258,99.6552,96.1119,100.2039,102.6568,99.6389,98.9833,101.3606,101.3687,100.4828,102.8269,96.8623,96.5134,98.7521,100.1839,101.5669,98.26,98.8561
A,SN_Q_3048,P12345,2023-01-01,0,QIM,101.4194,97.6224,101.7516,97.51,98.4561,96.2512,100.2476,101.1223,100.0747,99.1708,100.0043,101.4516,98.1313,96.074,98.5375,98.2198,102.4058,97.9632,97.9158,102.4613,97.7273,101.2137,98.6998,99.7846,101.7663,101.5469,97.5984
A,SN_Q_1466,P12345,2023-01-01,0,QIM,100.0667,99.8019,101.1983,96.9502,96.9853,100.6245,97.8786,97.12,102.7039,98.3754,97.6859,103.3378,99.8719,101.7866,98.6805,100.1833,100.6016,103.2159,96.3488,102.1936,99.6966,104.2449,100.873,101.6011,100.2738,96.4349,101.8678
A,SN_Q_6033,P12345,2023-01-01,0,QIM,99.1178,97.7238,99.3154,99.9534,97.6468,99.2716,97.0363,101.1917,101.4794,96.5169,101.3199,102.6667,100.4254,98.201,104.014,101.1976,98.8824,101.4025,101.9272,98.547,103.897,102.1216,99.6318,101.543,96.8375,100.7451,105.0603
A,SN_Q_2390,P12345,2023-01-01,0,QIM,98.4666,101.4938,100.1163,99.1313,101.0664,105.6661,101.3602,101.8542,98.3423,98.3133,100.2492,97.1651,98.2093,98.8726,98.26,96.5023,97.4697,99.5049,98.7236,100.751,100.2709,99.5139,101.3533,96.9313,99.7806,100.2004,98.2158
A,SN_Q_9661,P12345,2023-01-01,0,QIM,103.7057,98.6261,100.5751,97.9354,99.8591,97.8101,99.8664,98.5914,102.5275,100.8993,103.4472,99.1409,102.4311,100.3982,100.1687,99.4595,104.9715,100.0456,98.2565,99.5895,100.2232,100.5605,100.9663,102.3273,102.6757,98.8504,97.6798
A,SN_Q_6560,P12345,2023-01-01,0,QIM,98.2362,100.7506,101.2068,104.0606,104.4004,96.0665,97.612,100.055,99.6229,98.4391,100.1315,97.1079,100.1769,105.1813,99.189,98.8322,98.0436,99.4493,97.5499,100.3867,99.6844,100.4759,97.2179,100.4059,95.9104,99.8577,98.85
A,SN_Q_7825,P12345,2023-01-01,0,QIM,99.6212,100.1612,98.8489,98.3311,98.866,101.4421,97.9633,103.8941,101.3857,99.6325,102.8635,102.3898,103.219,103.0041,101.8393,98.5552,100.3896,99.4028,101.9122,99.0367,100.2666,101.8449,100.3902,101.9809,98.0064,97.0689,99.8665
A,SN_Q_8199,P12345,2023-01-01,0,QIM,102.3079,102.2437,100.8461,100.2936,99.8255,100.2915,96.7379,96.926,97.9443,99.475,102.6429,97.8303,98.1808,100.0832,98.3246,97.368,102.5988,100.3297,102.0739,101.4121,96.6223,98.9754,100.6905,97.7749,99.2584,100.3002,102.7012
A,SN_Q_3266,P12345,2023-01-01,0,QIM,97.1749,100.6654,99.2754,99.8048,100.5597,95.9949,99.8666,102.0825,98.4719,99.7674,102.5893,100.4494,97.7941,105.0302,98.2119,96.4962,99.1417,101.3049,99.484,96.3099,100.3944,101.281,98.6881,96.3499,97.8999,103.7522,102.0585
A,SN_Q_4954,P12345,2023-01-01,0,QIM,97.7734,99.0594,98.8597,100.1473,99.875,97.742,101.8569,96.8496,99.5669,99.1859,98.0518,101.6245,100.3189,99.0889,98.8062,100.7124,101.6166,95.3819,103.8232,102.3379,96.7186,98.7421,99.1974,100.1418,99.5074,98.9449,98.6202
A,SN_Q_5552,P12345,2023-01-01,0,QIM,99.3562,101.0232,99.972,102.1846,101.1277,98.9583,97.9615,99.1304,96.92,102.0608,94.2696,100.6896,99.963,99.9344,103.1288,101.1649,103.4586,99.3535,100.1051,99.7002,99.841,100.0952,98.0969,102.9832,97.0708,99.0402,99.2875
A,SN_Q_5517,P12345,2023-01-01,0,QIM,99.1769,99.5708,99.8691,99.0549,102.216,104.2913,102.7605,99.3317,100.5232,103.2408,95.4155,98.9024,102.0548,100.4451,99.5383,102.883,96.9518,101.9448,100.0413,100.6562,100.7772,101.8622,106.0268,96.7759,101.7403,99.1654,97.2887
A,SN_Q_8785,P12345,2023-01-01,0,QIM,97.8954,100.7546,99.3521,97.0557,99.1428,96.6122,96.375,97.4533,100.964,105.1055,105.9943,97.6388,100.9484,101.6037,99.5425,101.8875,100.9637,99.6554,96.8104,101.8976,97.5301,94.1209,100.5688,95.5024,97.822,98.6722,99.4029
A,SN_Q_7949,P12345,2023-01-01,0,QIM,97.8195,94.7,98.016,101.1825,99.1423,101.0765,97.3414,103.5998,101.2322,100.802,99.4897,99.4692,101.1911,100.0086,100.4754,100.1299,99.9336,99.0984,98.8495,99.1809,98.661,101.2113,100.9404,98.2651,102.3789,97.3927,100.411
A,SN_Q_3861,P12345,2023-01-01,0,QIM,100.4629,96.8885,100.1974,99.8325,97.3556,99.8837,100.2756,98.4375,101.4857,103.1297,97.4521,101.0449,98.7383,97.2761,99.2486,101.6785,98.7341,100.3875,97.8041,101.9008,97.4925,98.2983,97.3901,100.5078,97.3181,100.8013,101.8955
A,SN_Q_5259,P12345,2023-01-01,0,QIM,102.0866,95.5682,99.6992,98.6876,99.0006,97.5718,100.9517,97.4573,99.6135,99.5485,95.8455,100.9501,100.081,96.646,98.8596,100.821,97.6735,100.6155,100.729,99.5786,102.4475,103.0009,98.1764,99.2123,98.5688,100.2365,99.204
A,SN_Q_1172,P12345,2023-01-01,0,QIM,99.3951,99.2375,101.3509,102.0468,100.6205,99.2958,98.9189,98.2108,98.6551,104.4217,98.7717,98.7436,99.07,100.5395,101.6017,100.6005,100.9356,96.8363,100.671,98.0794,96.5619,99.7713,101.0091,99.2037,97.8035,98.374,96.0069
A,SN_Q_6853,P12345,2023-01-01,0,QIM,103.0584,98.8097,102.47,100.0152,105.7371,101.4703,100.2315,101.7881,98.6998,100.9478,98.4319,100.3805,98.5014,95.6473,100.8161,98.9276,101.7071,100.4346,103.0439,100.696,101.9151,99.4982,101.6864,101.2464,100.4974,103.0814,100.911
A,SN_Q_3474,P12345,2023-01-01,0,QIM,104.7297,99.9338,100.8682,100.3127,99.7554,96.8046,99.4122,98.7611,100.7368,101.9476,104.1319,99.7081,99.2703,99.361,100.7418,99.6483,101.2,101.0598,101.9745,99.1483,96.6129,99.2423,95.1573,99.3038,97.7412,101.8582,99.5626
A,SN_Q_9362,P12345,2023-01-01,0,QIM,101.8428,100.6544,100.7153,98.8898,97.4302,94.9871,101.2139,102.1356,101.308,101.7047,97.6362,97.2751,101.9629,99.0255,100.25,98.1992,99.0489,98.2818,98.9877,101.8874,98.7698,100.3132,101.4496,99.6546,100.1597,100.0976,98.1248
A,SN_Q_7118,P12345,2023-01-01,0,QIM,100.324,101.8935,100.1817,99.1673,98.7671,101.1527,101.4095,102.5782,100.0365,97.9196,97.953,102.0537,101.1493,100.9463,99.2578,98.4305,101.4307,99.0317,96.8964,100.2861,99.2656,100.0489,99.9634,101.8478,96.4988,99.3335,103.2452
A,SN_Q_4328,P12345,2023-01-01,0,QIM,96.3014,99.0206,100.8363,96.5996,102.4661,103.0453,101.548,100.4046,98.4159,100.0018,100.8394,99.2041,103.8396,99.9562,102.3343,99.436,100.7239,97.9209,100.7145,97.0599,96.7418,99.2932,101.2687,101.9658,98.057,96.0738,101.37
A,SN_Q_3776,P12345,2023-01-01,0,QIM,100.3014,96.5961,97.7775,100.2014,101.0249,98.4198,101.7543,102.0047,102.1257,97.8374,99.8418,99.9524,99.2907,98.2102,101.6649,101.2756,100.2342,101.6099,97.5359,101.5128,101.1814,104.7756,98.4191,104.0567,101.2401,102.2408,101.2693
A,SN_Q_6052,P12345,2023-01-01,0,QIM,99.9801,96.6895,98.1964,102.2777,103.5724,100.2332,101.7551,100.1443,99.1096,101.0594,101.6168,102.6526,98.7502,101.3396,95.5636,100.1804,99.4758,98.3606,102.6055,101.6921,103.302,99.7851,100.7272,95.7766,101.6563,100.3731,98.9321
A,SN_Q_6557,P12345,2023-01-01,0,QIM,99.7387,99.1333,100.4848,97.5873,98.7942,102.3978,99.5736,98.2389,100.2605,98.8307,97.4623,100.4818,97.9638,103.4057,99.9237,96.9206,103.0509,98.3335,102.1499,100.2688,99.8487,98.8577,99.8873,100.9023,104.598,102.2308,101.2779
A,SN_Q_4884,P12345,2023-01-01,0,QIM,101.6382,102.5108,94.0057,95.4794,97.5248,101.0645,100.5787,97.7396,103.2217,97.8272,95.8554,101.3102,99.0841,99.9708,95.1327,100.3718,99.0201,99.7282,99.7917,102.2926,99.3782,102.2266,98.0132,96.7546,97.9082,101.0239,98.7928
A,SN_Q_3721,P12345,2023-01-01,0,QIM,99.8761,103.2223,99.9328,102.3427,100.6885,96.719,104.4228,100.6955,98.2744,99.9662,100.8935,100.863,102.8694,99.8059,104.133,101.3306,100.6572,99.6661,101.3482,99.2799,102.9758,99.8123,99.0641,102.3553,96.612,99.2578,98.4458
A,SN_Q_1546,P12345,2023-01-01,0,QIM,100.377,98.9331,99.7273,98.3256,99.8763,99.1423,101.0964,96.6535,102.0188,98.9901,102.4764,100.5426,103.9445,100.3709,99.6254,100.7482,101.2638,102.8535,97.0346,98.4807,98.2578,102.8795,104.138,98.6631,98.3373,98.1621,99.4079
A,SN_Q_1770,P12345,2023-01-01,0,QIM,102.2736,101.7283,101.2818,98.5074,104.2941,99.6312,100.4987,96.5942,103.0138,104.908,99.7821,100.9986,100.8493,99.3045,96.611,103.221,98.0831,102.9797,100.2523,98.6935,97.1716,100.7902,100.5622,98.1452,96.5098,98.563,101.1108
A,SN_Q_4748,P12345,2023-01-01,0,QIM,103.103,101.8653,98.5202,101.0052,97.3692,99.453,98.7839,97.6905,100.152,98.2017,99.3016,99.3139,99.5287,101.593,102.065,101.4391,102.573,102.43,101.8697,95.9374,100.0906,100.1101,98.803,97.4161,97.925,101.5882,102.1515
A,SN_Q_8127,P12345,2023-01-01,0,QIM,101.2879,95.6286,97.0291,100.2792,100.3765,102.2436,100.8568,95.5694,102.1787,95.414,99.0355,100.9367,99.598,100.9473,102.4809,99.931,99.3305,98.9345,97.5769,101.4253,96.0462,100.8827,98.9009,97.0285,102.0453,100.1471,99.7803
A,SN_Q_6953,P12345,2023-01-01,0,QIM,100.5404,99.8836,97.4759,102.3505,97.2623,99.8066,100.8614,99.0396,98.8248,101.2933,101.8868,95.6403,100.8814,101.2825,98.8176,101.4031,100.8823,98.9298,101.3806,100.3458,97.9071,101.0935,101.1165,100.5273,102.3178,99.447,100.2405
A,SN_Q_7315,P12345,2023-01-01,0,QIM,100.177,100.9703,101.251,104.3511,102.0651,101.2009,97.6261,100.249,101.1679,99.1341,99.0199,101.5072,98.8276,98.6779,100.6388,99.6735,102.3676,99.4328,101.1317,101.9888,98.345,103.0959,101.0384,104.9073,100.9523,101.6707,100.0104
A,SN_Q_3889,P12345,2023-01-01,0,QIM,99.4388,95.9066,101.8015,102.5386,103.0318,101.6285,99.9454,99.4863,100.3816,103.3229,96.3501,96.9414,101.4378,100.6502,100.7119,98.2216,98.9079,102.5996,103.2794,97.5436,99.6335,101.0584,99.3809,97.239,101.1687,99.7462,102.1893
A,SN_Q_5404,P12345,2023-01-01,0,QIM,96.2886,97.5696,101.2698,102.5639,99.4814,100.064,100.2721,99.0554,100.5833,97.3704,99.2933,100.1019,97.813,99.4944,101.7175,100.149,97.8269,100.7676,99.3941,100.5136,100.1326,99.1019,103.2818,98.4409,98.3601,99.7063,100.2907
A,SN_Q_8887,P12345,2023-01-01,0,QIM,101.2893,97.9117,100.1383,98.0293,99.964,101.4207,103.9086,99.445,102.3813,96.39,100.0317,100.1597,102.1271,98.2871,98.7126,98.1024,102.2424,101.7323,100.3788,93.7634,100.6135,101.7017,102.8879,101.7458,98.4734,98.9764,103.8701
A,SN_Q_9643,P12345,2023-01-01,0,QIM,94.7237,98.507,97.8168,99.727,101.632,100.6699,102.323,100.4746,101.2659,102.7776,100.6584,100.7837,101.9036,98.2873,98.1103,100.2186,102.514,98.6871,102.3329,98.8024,97.2273,97.9475,102.3988,100.3665,100.7326,97.8711,99.5673
A,SN_Q_2178,P12345,2023-01-01,0,QIM,98.0714,99.8251,100.3486,98.0681,96.5609,103.1322,101.5829,98.5305,101.2493,99.5063,99.5872,100.9206,100.0063,100.0953,97.3417,101.2031,101.2983,101.0596,101.9383,100.9355,103.9405,95.9833,99.1474,98.7749,98.8291,103.4082,98.9063
A,SN_Q_2603,P12345,2023-01-01,0,QIM,102.6805,98.5471,94.8,101.2475,101.6424,102.5594,100.8461,96.0139,99.3735,99.7257,101.3514,100.9559,99.5339,96.9212,98.6714,103.4607,102.275,100.3171,101.2903,100.3844,98.9958,100.3118,102.0741,98.6596,98.6134,100.7971,100.7694
A,SN_Q_6616,P12345,2023-01-01,0,QIM,99.5585,97.6037,96.5403,98.8042,101.7633,96.6192,105.2102,98.253,95.7827,102.3236,102.0211,99.3054,101.2344,97.5963,100.9795,99.1684,99.7332,98.5133,99.6021,98.882,99.8869,96.9004,99.0229,99.0716,100.8671,98.1297,103.1719
A,SN_Q_3891,P12345,2023-01-01,0,QIM,100.6872,103.4957,102.7152,99.6775,102.264,102.5279,100.2387,104.8114,103.27,101.9978,98.4512,101.2319,98.9471,102.1617,96.1465,101.0212,98.4136,97.9107,100.1222,98.9694,100.1604,98.563,99.2364,97.1307,100.4104,100.936,100.7414
A,SN_Q_4621,P12345,2023-01-01,0,QIM,101.401,102.3313,97.7743,102.4082,97.4173,99.5233,99.7492,99.8478,100.2099,100.3282,98.0369,99.4991,101.6871,98.8611,102.9004,102.0928,98.8926,103.9825,103.83,97.4064,99.1501,101.4567,105.3597,99.751,101.9475,101.7035,101.4108
A,SN_Q_7088,P12345,2023-01-01,0,QIM,100.8092,101.2626,100.2517,105.0752,99.6585,99.8319,101.7492,98.4502,102.1748,100.4892,99.194,101.7229,100.9987,100.0524,100.6626,102.3079,100.1851,97.1497,97.7359,102.0644,98.2447,102.1163,99.8899,100.8529,100.6919,99.6468,105.2155
A,SN_Q_4811,P12345,2023-01-01,0,QIM,105.4663,99.0667,102.5743,99.3919,98.9414,99.7415,98.7425,99.3498,100.522,99.6394,98.2729,100.4754,98.4661,99.3902,99.1217,98.9173,106.663,102.5705,98.3917,100.4888,99.9254,101.0864,99.4209,101.4299,98.1675,99.7904,95.4852
A,SN_Q_7509,P12345,2023-01-01,0,QIM,102.3574,98.4575,100.4959,99.233,99.2771,98.4958,103.0191,100.8302,102.2326,100.2453,97.8922,100.7983,100.8014,100.8595,100.4424,101.227,99.4226,96.922,100.12,98.7749,101.4401,98.6186,100.7535,103.012,102.4458,98.8651,100.8392
A,SN_Q_1127,P12345,2023-01-01,0,QIM,99.2496,99.3705,98.7558,100.017,100.2647,101.2362,99.9979,98.7294,97.8641,100.2374,99.4777,99.1015,100.6435,102.1156,101.501,97.6338,100.1895,100.3766,103.4124,102.2633,98.1706,97.2464,99.865,100.259,96.8437,98.5467,102.9123
A,SN_Q_5010,P12345,2023-01-01,0,QIM,100.5697,98.3717,96.6091,101.3075,105.745,99.0684,102.0452,99.1112,102.7992,96.5052,99.1963,102.1453,96.0277,103.6099,101.1885,100.183,99.3825,101.2165,98.3004,103.0651,100.8919,101.6045,101.1921,101.4542,101.1701,102.3729,98.0373
A,SN_Q_9579,P12345,2023-01-01,0,QIM,101.2436,98.551,100.1532,103.491,104.0589,97.5261,99.7921,101.8855,98.4855,99.3641,99.1967,100.5807,102.1254,100.8312,100.1155,99.3555,96.1844,99.7106,101.395,100.4532,100.1727,98.3782,97.1525,100.8102,96.0456,102.5766,100.8016
A,SN_Q_1510,P12345,2023-01-01,0,QIM,98.8509,100.8794,97.3376,99.8537,101.9408,103.9875,101.7116,98.9191,100.3753,97.9375,100.7664,99.9222,98.592,98.1254,100.4188,98.4463,101.2249,100.4335,98.3828,99.7204,95.9805,102.4313,98.0851,98.8966,96.6995,101.1228,99.7701
A,SN_Q_6456,P12345,2023-01-01,0,QIM,98.6454,99.9538,99.8244,99.2526,99.1318,97.9623,99.814,101.3911,100.4605,98.4995,97.8749,101.144,97.5491,97.9639,101.0978,102.7397,102.6019,101.7407,99.9807,101.6743,99.2055,101.8478,100.2449,95.8311,102.6728,100.6781,98.4302
A,SN_Q_9351,P12345,2023-01-01,0,QIM,99.17,99.0345,98.643,102.401,103.118,101.3799,102.0022,103.4774,97.7281,98.3482,100.0813,100.1654,96.5615,99.8618,100.187,99.8712,100.6097,99.4546,101.7864,100.2566,100.4912,97.6844,102.8966,101.2397,100.507,97.4561,101.482
A,SN_Q_3823,P12345,2023-01-01,0,QIM,100.5011,101.1944,99.6461,98.7413,99.728,100.1586,103.4939,103.6554,102.6996,98.3272,103.1936,99.1218,101.913,97.5312,98.8379,100.6531,99.2693,102.9888,96.893,100.0851,101.6016,98.4081,99.2902,98.3413,97.868,101.3648,100.3869
A,SN_Q_2958,P12345,2023-01-01,0,QIM,102.1173,97.0771,97.82,102.153,102.3741,103.3881,99.7621,100.6548,100.0173,99.2729,100.4504,99.0443,100.6727,99.9258,102.5108,101.5195,99.8444,97.3604,102.3905,99.5192,100.3333,101.6019,97.6351,98.9486,102.9209,98.676,100.9635
A,SN_Q_6985,P12345,2023-01-01,0,QIM,99.0722,101.399,99.9071,99.7723,100.482,98.9788,99.1096,99.4646,102.2108,100.3311,100.7053,103.4869,98.504,101.05,94.279,99.9422,99.9194,99.2426,100.9442,100.1352,99.2652,100.731,102.4152,102.3854,97.8219,100.2978,99.4106
A,SN_Q_9109,P12345,2023-01-01,0,QIM,98.4459,101.5376,96.1686,98.441,98.5776,101.3635,101.1038,98.2999,97.8314,99.3876,100.8172,99.604,100.7975,98.4729,96.4233,102.3375,100.6007,101.0485,97.9578,101.4378,99.7042,99.5372,101.0469,97.582,98.9098,101.7914,101.4171
A,SN_Q_3174,P12345,2023-01-01,0,QIM,99.8481,103.2433,99.5213,99.0416,101.5387,100.3321,99.0542,94.9018,102.1933,100.6208,102.8835,97.4912,100.5396,100.6545,102.0589,99.9062,100.2039,99.4658,100.263,98.2357,99.2598,103.2326,97.7776,101.3881,101.7475,101.8947,103.781
A,SN_Q_9080,P12345,2023-01-01,0,QIM,99.0292,98.333,101.0011,100.1411,97.2111,99.9694,98.2726,102.2029,100.2655,98.257,97.3474,97.2675,99.964,97.8927,100.5062,100.4945,100.2866,98.668,100.1823,96.2298,98.7672,99.9516,99.2164,101.3666,99.6482,100.702,98.1855
A,SN_Q_1173,P12345,2023-01-01,0,QIM,97.7933,96.2629,102.233,97.3726,100.2134,101.5697,102.6623,98.6888,101.911,100.3313,99.5886,99.4431,101.4706,97.6443,98.3775,99.7207,98.9829,98.2083,101.7806,93.8515,98.12,100.1876,99.4779,96.4789,97.0944,98.5125,103.4083
A,SN_Q_2548,P12345,2023-01-01,0,QIM,99.1265,103.0882,98.7566,101.55,100.5962,100.1673,99.4246,97.5383,102.136,99.7739,100.1879,95.3701,101.7266,98.4618,101.5219,100.5354,98.938,96.9914,102.4657,97.7623,100.9939,97.725,100.3915,99.6711,102.5738,98.9776,100.2763
A,SN_Q_5659,P12345,2023-01-01,0,QIM,103.6321,96.861,100.5649,101.8293,97.8944,100.1627,99.7128,97.1432,101.0494,103.2475,102.3509,99.7793,99.9125,99.0991,99.8316,103.5528,101.3714,99.3774,99.1932,97.6105,104.3075,98.3851,103.7623,98.2439,100.5151,99.8995,101.2335
A,SN_Q_6334,P12345,2023-01-01,0,QIM,95.4748,100.8167,97.4916,102.1155,99.1323,99.5102,98.9665,100.8463,100.3794,97.5297,100.3223,98.4801,99.3445,101.8302,100.9436,100.7011,101.5635,98.2478,102.3875,95.7065,100.0873,101.8373,97.1218,99.3383,99.8971,98.4646,99.96
A,SN_Q_7639,P12345,2023-01-01,0,QIM,103.0564,104.1139,99.9115,100.4287,100.2687,99.1551,102.5935,101.4471,99.6979,99.7841,100.8438,102.1244,101.7114,100.5233,101.6387,100.2876,97.7336,99.7833,102.8895,100.9519,103.8873,101.0354,101.4147,102.612,98.7994,101.9732,101.0359
A,SN_Q_5751,P12345,2023-01-01,0,QIM,98.716,96.9709,104.163,100.3458,100.7324,99.4619,99.2804,100.0629,99.1763,103.859,101.6952,101.0435,100.4616,97.5035,101.4044,99.9057,96.1446,101.4023,101.0487,99.3049,100.545,99.4588,98.3523,102.8041,98.3891,97.1492,96.6637
A,SN_Q_5846,P12345,2023-01-01,0,QIM,96.416,99.9811,98.9924,100.1098,100.4911,101.7335,101.2651,100.8609,101.4067,101.1687,99.9992,100.0293,98.3023,97.4246,101.8723,100.6796,101.0812,95.7957,100.7476,101.8079,100.395,100.7208,95.1952,100.7506,101.0168,99.9169,97.8986
A,SN_Q_8833,P12345,2023-01-01,0,QIM,101.4604,102.2041,100.0176,99.7581,97.6369,100.5562,102.8244,100.2099,103.8236,97.6807,102.1592,101.6776,97.2414,100.4882,98.6524,101.5665,99.23,99.7803,100.3362,95.1649,98.1649,97.1466,99.2075,100.5544,100.1657,103.4427,100.3111
A,SN_Q_3315,P12345,2023-01-01,0,QIM,98.5481,100.9837,99.2637,98.7926,105.5668,100.1317,101.147,99.0506,100.6577,98.4976,98.6174,99.4451,98.7532,99.5857,98.9922,98.1778,95.9279,102.1712,99.5287,102.3225,103.0908,102.0061,100.2638,100.2699,100.768,100.8424,101.1582
A,SN_Q_2153,P12345,2023-01-01,0,QIM,102.9886,98.7541,102.307,100.4603,102.6739,101.2802,103.0797,95.5998,98.3783,97.6094,97.9172,99.0225,98.8449,100.8854,102.852,99.8502,103.2229,101.8187,99.3488,102.0651,99.2324,98.1367,102.3151,96.4012,101.1997,100.8247,105.0057
A,SN_Q_6038,P12345,2023-01-01,0,QIM,98.6561,101.5829,98.1903,103.3987,101.1979,100.0152,101.3194,99.9128,101.0039,101.5419,102.2636,101.6229,96.9506,102.9855,99.1634,101.6977,96.7358,101.3463,98.6469,97.354,99.5811,100.0076,95.9594,96.3273,99.6591,97.2516,98.7191
A,SN_Q_3484,P12345,2023-01-01,0,QIM,100.9552,101.4876,101.2155,99.5352,98.6344,103.0532,100.3535,100.7009,102.0396,101.5507,101.2669,99.6547,102.0558,101.8247,95.1397,98.4997,99.0085,99.2227,103.2068,102.4063,103.4354,100.7584,102.4422,103.1218,103.5718,98.9408,96.3459
A,SN_Q_1206,P12345,2023-01-01,0,QIM,96.7546,101.8065,101.542,101.313,95.4239,92.5211,98.4995,102.2704,97.9761,99.0642,96.5024,100.9963,99.7253,98.5744,99.2678,97.9964,99.1948,100.6836,99.1436,100.6122,99.9839,100.9577,100.8642,101.5583,103.7727,102.5371,100.9132
A,SN_Q_5502,P12345,2023-01-01,0,QIM,99.7531,100.0464,101.063,98.2113,98.5084,100.8609,99.8609,101.1114,100.8147,99.9435,97.3801,100.5513,100.5231,99.6376,99.0452,101.0886,98.0703,99.9384,96.6582,97.0877,99.2316,101.7289,101.3358,98.3453,99.8006,97.7405,99.7838
A,SN_Q_6139,P12345,2023-01-01,0,QIM,101.8266,105.7896,102.3009,102.2492,101.3335,98.332,98.2628,99.2021,101.0236,99.6836,99.5296,100.2773,102.569,100.9969,98.9037,102.2322,99.7445,99.184,104.0463,98.8723,100.5666,103.3379,97.8374,100.945,100.3374,101.3134,102.6875
A,SN_Q_6408,P12345,2023-01-01,0,QIM,98.5494,101.6899,95.249,101.8589,97.9382,100.2798,103.5653,95.1912,102.8582,100.4344,101.7384,99.7805,99.759,103.0154,97.634,98.4849,101.5282,98.8287,105.4516,98.611,100.3739,102.0209,101.6836,99.8697,98.0652,100.2998,101.7285
A,SN_Q_4014,P12345,2023-01-01,0,QIM,102.3765,102.5506,100.5063,98.6876,98.2961,104.9177,101.1476,100.2503,99.7175,102.223,99.9968,97.7231,98.3634,100.823,101.9977,99.5171,99.9411,99.2961,96.0551,98.1286,100.1157,98.8618,101.3666,104.3041,99.2998,100.5043,99.095
A,SN_Q_1190,P12345,2023-01-01,0,QIM,103.3006,101.2602,101.1246,98.7241,99.6908,103.2055,101.3857,101.4376,100.2223,103.6836,97.4887,99.015,99.6041,98.8786,97.3063,99.3945,103.6566,104.805,99.2943,102.2068,101.8971,96.8846,98.7648,99.7981,95.1854,101.3047,102.4262
A,SN_Q_5022,P12345,2023-01-01,0,QIM,103.2685,101.3219,98.4463,100.941,101.7125,102.3693,95.5256,96.0104,99.0256,98.3225,104.1012,98.51,100.0677,100.6727,104.2931,99.1914,98.917,99.1936,102.0627,99.5951,101.5768,99.9266,101.3478,93.3905,98.4586,101.6436,102.5085
A,SN_Q_6582,P12345,2023-01-01,0,QIM,99.3682,101.0343,98.4625,101.31,101.0773,100.2303,99.3597,102.3083,100.5275,98.6542,96.8172,98.2355,96.347,99.5819,100.9365,102.0764,100.9881,99.5547,99.2691,103.873,97.9163,99.0895,101.4562,100.2774,102.9985,98.6034,100.0348
A,SN_Q_4667,P12345,2023-01-01,0,QIM,102.7064,98.4654,98.1482,102.0318,101.2445,101.0451,101.1981,97.7947,100.299,99.7386,100.6843,98.7139,97.3214,102.3366,102.8982,96.2563,98.4678,99.7326,96.5618,98.2489,98.3949,100.8924,101.8779,100.297,102.3463,104.1701,99.3941
A,SN_Q_9991,P12345,2023-01-01,0,QIM,99.0025,97.7597,97.5836,100.0847,100.9998,101.1507,98.3077,98.2408,101.8985,100.8514,101.6029,99.449,100.2935,100.9244,101.9378,95.0506,98.613,101.8058,100.1643,105.044,102.6579,97.5847,97.8168,99.1293,97.4591,98.3578,97.2406
A,SN_Q_7920,P12345,2023-01-01,0,QIM,102.3416,103.3405,99.4854,100.0651,101.9826,99.886,97.6986,99.9655,97.8019,99.563,101.0806,100.7166,99.9122,99.8174,97.8272,100.4481,100.9716,97.9553,97.8966,99.2769,100.1538,98.8348,96.5134,96.1086,102.2404,101.1185,96.8154
A,SN_Q_4522,P12345,2023-01-01,0,QIM,97.6272,99.9732,100.8391,102.5936,101.5811,100.1988,104.0407,98.0066,100.0079,99.3989,98.2474,100.7525,98.1955,100.1973,100.0465,100.0677,98.5684,96.9804,101.8799,100.1373,99.2158,102.7111,99.5814,98.046,102.2001,100.8099,99.4917
A,SN_Q_8774,P12345,2023-01-01,0,QIM,101.3393,100.9177,99.3069,99.9118,101.2588,102.5905,103.6946,101.6101,97.1372,100.0305,98.0399,99.6978,105.3566,101.2333,102.8427,100.2517,100.4892,99.1297,101.3443,101.3574,100.1862,97.9034,99.0092,102.9821,102.424,97.6039,98.57
A,SN_Q_2633,P12345,2023-01-01,0,QIM,102.6878,98.7786,101.2435,100.2617,99.5288,97.8558,103.1087,98.8024,99.926,97.4004,96.9689,100.7968,100.824,96.46,99.8394,102.1315,98.2558,102.2089,101.0358,98.2339,100.316,97.8321,102.7465,96.3238,99.735,101.3076,98.1992
A,SN_Q_4144,P12345,2023-01-01,0,QIM,100.3371,98.3511,99.0098,99.2081,96.982,99.7674,96.9697,102.0196,100.1283,99.3606,100.2152,99.6001,99.427,98.8064,101.1007,99.2239,101.5035,97.5311,97.9041,99.8943,97.078,98.3568,103.5502,97.5038,97.3459,99.0123,98.3485
A,SN_Q_1918,P12345,2023-01-01,0,QIM,97.4059,98.7225,99.9339,97.4351,99.1567,100.6605,101.4088,103.4941,100.8641,104.5903,99.9309,98.6072,101.8005,103.881,103.574,97.0574,100.2116,99.038,98.757,98.568,103.0125,102.458,99.9928,99.6932,101.7889,96.9581,99.4724
A,SN_Q_2164,P12345,2023-01-01,0,QIM,98.6948,99.3584,97.0505,104.4035,102.7028,100.7208,100.2227,100.9539,97.9652,101.0418,99.508,102.7169,96.6626,99.001,99.4922,98.4253,99.5795,100.7691,103.2071,100.9087,103.3264,98.1793,99.9934,99.2732,94.4426,101.0745,102.2673
A,SN_Q_5695,P12345,2023-01-01,0,QIM,96.8855,103.1071,98.2069,102.8788,97.678,96.6506,98.6487,100.0077,100.1952,97.5988,99.3605,100.848,97.6442,100.9965,100.932,98.0588,97.1093,97.5444,100.0867,102.7893,102.8923,101.9092,98.5083,98.8625,102.5763,100.0827,100.4026
A,SN_Q_9921,P12345,2023-01-01,0,QIM,101.7407,98.599,99.5565,99.2432,95.1287,100.1143,103.2817,102.6271,95.9189,96.1519,100.5147,98.8094,99.3975,99.1827,99.3147,98.5375,100.6238,96.7916,100.704,100.0207,100.2216,101.6516,98.683,101.4235,98.1789,101.7514,101.2957
A,SN_Q_2687,P12345,2023-01-01,0,QIM,97.6616,97.3932,98.0396,98.4078,92.8951,100.9918,98.548,102.4407,104.5534,102.1606,97.2217,98.6761,97.7864,100.6596,102.4245,100.2027,99.994,101.3229,96.7519,96.2939,101.3993,99.6965,96.4669,102.1211,98.3794,102.9044,102.9464
A,SN_Q_9440,P12345,2023-01-01,0,QIM,98.9292,97.1693,100.1857,97.9531,97.1509,103.2396,100.4758,103.1676,101.4913,102.428,97.8864,102.1179,98.273,101.2694,101.6653,102.0023,99.8178,103.3869,99.4991,97.2035,100.3913,100.3224,99.4502,95.0602,99.4951,102.6986,98.9881
A,SN_Q_1762,P12345,2023-01-01,0,QIM,101.5305,98.2388,100.6929,103.0508,97.7398,100.1323,96.8346,100.3721,102.5812,99.2084,100.3998,100.2924,99.4278,102.3303,104.7369,102.4926,98.6066,99.9858,101.4296,100.5963,98.638,102.7223,97.7283,99.0781,101.6485,102.674,99.5011
A,SN_Q_6175,P12345,2023-01-01,0,QIM,104.9573,100.0215,102.3283,98.4707,96.8969,100.3123,100.508,97.6534,100.2462,98.8864,97.7543,99.7719,101.4681,103.5028,101.3101,100.1852,100.1728,102.2893,101.0079,98.6029,100.8284,96.2666,98.1858,101.1714,101.8701,102.7468,96.8268
A,SN_Q_6130,P12345,2023-01-01,0,QIM,101.5193,97.157,99.1695,97.4606,98.9233,99.9592,102.3113,98.4654,98.8099,99.5387,97.6511,99.4076,102.9139,101.0075,102.4397,101.0439,95.9461,99.7234,99.4614,98.9894,97.2621,99.6919,102.3672,97.9281,99.9362,98.2756,97.1522
A,SN_Q_7170,P12345,2023-01-01,0,QIM,99.5252,99.0374,100.3064,101.8107,99.053,100.6509,96.519,99.4646,99.456,98.7606,100.4891,96.8284,97.2249,95.7885,101.0773,97.7239,103.9171,98.7775,99.4815,97.8906,96.7237,98.7123,102.7436,100.8737,102.0768,99.1723,99.6808
A,SN_Q_7420,P12345,2023-01-01,0,QIM,98.6251,96.7467,100.437,98.5114,99.1668,99.3555,96.7297,97.1465,98.8698,97.1513,98.1717,100.7108,98.1479,102.6005,96.2948,102.6903,99.8218,101.1672,98.9361,96.7362,98.8309,97.1043,101.1501,98.9755,101.3491,99.5113,98.6655
A,SN_Q_8909,P12345,2023-01-01,0,QIM,99.4294,98.9487,101.8759,102.2169,101.6091,101.1825,100.2607,103.0374,101.9089,97.2981,100.9732,97.5635,99.7341,98.6486,97.6769,101.9249,99.6274,102.1572,101.8577,98.8845,97.6443,99.2874,103.7387,99.1142,101.331,99.7521,99.5176
A,SN_Q_2483,P12345,2023-01-01,0,QIM,98.66,98.7689,101.0149,103.0731,101.4517,97.5784,101.7067,100.6692,98.2743,98.9053,99.811,97.4595,99.5684,99.7781,96.47,98.3861,96.2872,97.1962,100.3044,99.3765,95.8126,104.3222,101.9515,98.1188,101.4011,105.529,99.9554
A,SN_Q_9026,P12345,2023-01-01,0,QIM,97.8223,101.547,102.2508,105.8321,102.674,97.0718,96.2292,99.4849,101.757,99.4086,101.2555,104.8133,103.253,99.4836,98.5258,101.4321,97.383,98.0887,98.8979,96.4449,99.5194,99.9408,98.6606,102.3077,98.4324,100.1583,101.5295
A,SN_Q_1599,P12345,2023-01-01,0,QIM,100.1965,97.2328,99.7951,100.3506,97.6899,99.6641,99.4673,100.7325,100.7217,102.1253,100.389,99.6779,99.3906,101.4226,99.6829,100.1462,100.2005,98.8824,100.6223,99.5704,98.4688,99.8687,100.5013,97.8485,102.1214,103.0365,101.044
A,SN_Q_3349,P12345,2023-01-01,0,QIM,103.0488,102.7161,100.1717,99.9826,99.2692,103.0092,99.0262,97.526,101.8921,100.2931,99.268,98.3746,101.2362,101.1953,104.3315,101.2634,101.8031,101.3383,101.0027,102.0369,98.5293,98.1916,98.031,100.3387,102.307,100.1066,99.5424
A,SN_Q_7172,P12345,2023-01-01,0,QIM,100.1955,102.2205,102.8626,101.5465,102.5556,102.2271,100.2033,102.5118,99.8748,100.9883,104.9259,94.0005,99.2892,101.0893,100.2869,96.045,100.9001,100.0836,101.2539,100.4214,101.5918,100.2262,100.3159,99.2043,100.7654,100.5025,98.058
A,SN_Q_6841,P12345,2023-01-01,0,QIM,97.326,100.0826,99.1361,95.8482,97.6426,102.6515,100.6346,100.4839,97.2666,98.0715,99.7728,100.8101,102.304,96.8954,98.2108,97.9087,100.6458,99.9088,101.2507,98.9937,98.4224,100.0927,99.9116,101.1829,100.2457,101.7078,98.8849
A,SN_Q_7511,P12345,2023-01-01,0,QIM,100.9751,97.6121,97.1658,103.119,97.9,100.8415,102.13,98.8913,98.2648,101.327,101.7835,100.0321,98.9733,98.4061,97.7413,99.5353,98.4197,97.8826,100.3557,98.5453,100.8649,103.0614,99.9112,101.3103,98.0964,96.1385,99.1261
A,SN_Q_8023,P12345,2023-01-01,0,QIM,101.4505,99.2658,99.0345,101.1366,98.9297,97.5575,96.7441,103.5472,100.4266,104.3568,97.6633,102.7565,102.0639,102.1136,101.5733,100.2026,101.6096,99.3973,100.7823,101.1379,97.987,102.8186,101.1399,100.2303,101.3147,102.1431,100.2572
A,SN_Q_7522,P12345,2023-01-01,0,QIM,102.1934,97.981,105.3912,100.8771,102.715,102.1622,99.9678,97.5431,97.5514,95.0261,101.4134,101.2755,97.6814,101.7015,103.6455,96.4011,98.4209,101.4871,99.0701,97.8867,102.8881,102.0489,99.2873,97.719,102.6749,97.4832,100.9876
A,SN_Q_6138,P12345,2023-01-01,0,QIM,102.059,102.895,98.9561,101.6145,99.3214,100.1059,100.6842,105.7061,99.7268,101.1152,101.1418,100.7541,103.4172,97.6529,100.148,98.0698,103.6914,99.6126,99.7661,99.223,99.1707,98.0406,101.3043,99.622,104.0093,103.8853,99.3323
A,SN_Q_5076,P12345,2023-01-01,0,QIM,101.6885,101.2953,99.4674,101.0976,101.2626,101.0512,98.2013,98.8444,99.9857,96.4548,99.729,101.9334,101.1196,98.2603,97.6192,97.3869,101.0138,98.3578,100.3826,104.8818,101.2213,100.0417,97.025,104.0944,98.4095,100.3101,98.7069
A,SN_Q_1816,P12345,2023-01-01,0,QIM,103.6935,100.4821,99.3569,98.9735,100.8182,102.2354,98.8097,100.8853,92.6164,98.8335,98.3726,101.6041,95.3827,99.8715,98.7855,100.4543,97.9604,101.4801,98.1869,101.9078,101.8286,99.5826,98.4794,96.4338,101.6533,98.9592,95.4355
A,SN_Q_6881,P12345,2023-01-01,0,QIM,102.3649,99.3604,99.5832,100.9114,98.7275,100.5141,99.6177,100.2578,100.2734,103.089,100.9452,97.0583,99.3062,99.0284,103.3097,101.1885,100.0645,98.7673,98.9012,96.4609,100.6374,98.624,94.9736,98.5591,100.6048,99.288,98.9848
A,SN_Q_9836,P12345,2023-01-01,0,QIM,101.0031,101.9064,100.1117,98.0335,101.8781,104.1721,101.4614,100.6636,103.0555,99.7862,101.6821,104.1262,101.1792,101.2048,101.2466,98.9362,98.6392,102.0934,101.4127,104.076,101.6764,97.2792,101.9883,99.7462,99.0505,101.0401,99.9375
A,SN_Q_1318,P12345,2023-01-01,0,QIM,98.6775,102.3068,102.1566,100.1613,98.5841,99.5605,99.9031,99.0591,97.9544,101.0049,100.9521,99.4859,97.1869,102.5083,100.897,99.017,100.2841,99.334,97.932,99.7068,99.52,104.4426,100.9882,100.9254,99.8545,103.3835,103.6864
A,SN_Q_1864,P12345,2023-01-01,0,QIM,98.5259,101.1029,101.8477,101.0258,92.2927,97.7563,100.0695,98.8494,99.862,100.4356,100.0514,101.5305,99.3486,98.7579,97.6167,99.6506,102.8606,101.7933,99.8276,98.2833,102.0441,96.0624,100.6967,101.2482,99.0916,100.2482,99.8183
A,SN_Q_2341,P12345,2023-01-01,0,QIM,104.2544,100.8459,100.6871,101.9394,100.3982,98.0947,100.8842,100.6902,103.7369,99.5368,101.1404,96.7382,102.5719,104.084,99.7805,99.1598,100.3183,103.9473,96.6884,100.6584,101.4349,99.2275,95.7355,101.597,102.193,99.8911,101.7495
A,SN_Q_7912,P12345,2023-01-01,0,QIM,100.284,100.3351,101.1289,98.1509,99.9695,99.816,99.4849,101.2282,98.5255,102.916,98.5941,98.8427,97.4099,97.0706,99.6035,101.1629,100.5016,101.1883,98.3693,97.9454,97.6667,100.3323,100.3337,99.5179,100.6619,100.688,100.4005
A,SN_Q_3961,P12345,2023-01-01,0,QIM,99.3074,102.7952,101.1124,100.4912,102.7838,98.2709,101.0837,97.1492,99.9948,98.4609,99.7022,99.839,102.0571,101.8389,102.8208,103.1393,98.7011,100.6608,104.2893,98.5625,97.3507,100.455,98.9966,97.7164,102.1891,101.9509,99.5619
A,SN_Q_2081,P12345,2023-01-01,0,QIM,96.2328,100.8064,101.0041,100.082,101.7724,99.2628,100.4251,98.1836,98.1528,100.6964,100.0354,101.5944,98.9756,101.5751,99.0799,100.2198,101.1264,101.6862,99.7904,98.3814,96.7791,102.3532,101.3564,102.3066,98.7646,102.3194,101.4052
A,SN_Q_2471,P12345,2023-01-01,0,QIM,102.3448,98.216,103.4206,102.9548,102.9522,98.8743,99.1849,100.4955,100.7105,99.4506,100.429,101.7035,102.9231,103.5288,101.068,98.041,99.995,99.1173,99.0118,102.2744,99.5248,104.0064,98.2233,101.9327,97.7532,98.0206,99.2862
A,SN_Q_7640,P12345,2023-01-01,0,QIM,98.1383,97.3223,99.6212,102.9728,99.5136,99.7714,95.9164,103.8919,101.6764,99.9097,101.8128,98.8869,100.5114,101.4746,101.5225,102.9007,100.4591,103.1594,99.0358,99.5281,98.0312,103.5566,98.4211,98.8544,100.7068,102.1827,99.0542
A,SN_Q_5287,P12345,2023-01-01,0,QIM,101.4165,99.7658,100.1966,101.1046,101.293,101.623,99.0698,101.1971,101.9077,100.7204,98.4501,98.9172,100.3356,100.067,101.3123,99.2195,100.1542,101.4697,101.2496,99.4626,95.8302,97.3863,100.7429,97.7842,103.8646,101.7034,98.9409
A,SN_Q_2570,P12345,2023-01-01,0,QIM,103.2202,102.7274,97.5988,97.4786,102.0699,100.6439,101.7895,101.9144,99.0918,100.9415,99.9594,97.8752,97.2028,97.6511,96.7625,99.3646,96.0852,99.7107,103.9182,98.7131,98.2854,97.4445,101.6355,100.1525,100.6535,103.6549,101.5221
A,SN_Q_9577,P12345,2023-01-01,0,QIM,99.8006,95.3345,101.0553,98.7627,100.613,103.936,99.144,103.1176,100.2507,104.6536,102.8566,98.0773,102.8173,99.0602,100.4174,101.2163,100.8391,101.3489,101.1628,99.4051,100.4623,99.9843,97.5074,97.427,100.1853,100.5478,101.1746
A,SN_Q_2817,P12345,2023-01-01,0,QIM,101.5028,100.2885,102.3841,101.2578,95.9548,99.9978,98.9827,100.2808,99.317,99.7481,99.5573,102.7216,99.14,101.1163,98.3916,99.357,101.3171,100.5753,99.8877,102.8677,102.4533,101.2109,99.2079,94.6752,99.8927,98.7137,101.528
A,SN_Q_2838,P12345,2023-01-01,0,QIM,100.6811,98.0033,102.1056,100.8782,98.8282,102.0097,100.1049,97.8644,97.7852,98.7584,97.6736,96.8442,98.8457,102.0349,100.7457,96.4241,100.587,101.3305,99.3893,104.5807,100.1445,100.3766,103.2171,97.9787,100.2019,98.5429,96.603
A,SN_Q_4748,P12345,2023-01-01,0,QIM,101.2497,102.001,100.5583,97.7446,98.7397,100.2103,102.8771,99.5399,100.6881,98.1039,98.925,98.8545,104.871,97.9546,99.4296,97.4718,99.7118,103.6187,99.529,99.0264,102.5954,102.1267,100.8112,96.7715,101.0079,100.0928,97.4092
A,SN_Q_8321,P12345,2023-01-01,0,QIM,101.1772,100.1989,98.5931,95.0029,99.6104,97.9661,98.5821,99.4282,98.051,104.761,100.9829,102.6292,103.1322,100.3242,102.0203,99.9947,100.4643,95.618,101.573,98.433,96.3006,100.2714,95.1166,102.9017,100.3974,103.0137,99.9673
A,SN_Q_8503,P12345,2023-01-01,0,QIM,101.6349,103.4646,104.0472,101.4417,97.0376,97.5053,98.0703,100.0716,100.2169,101.2942,96.7576,101.6738,99.6067,100.6692,97.7607,99.2072,101.3281,100.1485,102.2594,99.0305,100.7151,98.4915,102.6656,100.3931,99.087,103.3828,96.2343
A,SN_Q_5448,P12345,2023-01-01,0,QIM,99.1773,100.6382,100.4909,100.8792,101.3989,102.0866,99.8093,96.6696,99.3678,97.7378,98.4464,100.3827,99.877,99.2024,96.9242,98.2234,99.1551,101.0192,99.1214,101.2879,101.1786,103.8183,100.1282,100.2999,98.746,99.6753,98.8065
A,SN_Q_9733,P12345,2023-01-01,0,QIM,98.3823,99.2834,98.855,99.8572,100.4943,97.3759,96.1927,96.7798,96.9475,98.9586,100.8206,102.4691,100.9114,98.5683,100.2908,99.3159,98.3558,98.6876,98.4931,97.0716,101.3659,101.8192,100.359,103.0396,101.4435,102.4211,97.6418
A,SN_Q_1189,P12345,2023-01-01,0,QIM,98.67,98.2821,103.9717,98.5209,99.6455,100.7153,99.2681,99.1742,100.0674,99.5988,99.6417,101.9129,97.6839,98.0436,99.2417,100.086,99.7556,99.9164,102.7871,102.8175,102.7379,101.7581,101.471,103.0477,96.535,98.2711,99.6271
A,SN_Q_1512,P12345,2023-01-01,0,QIM,99.5368,104.8598,100.7692,99.3926,97.5077,96.9059,97.8944,99.8419,101.7233,98.1146,100.4178,98.9267,100.7451,99.3247,98.7422,98.7749,101.9729,100.3917,98.8812,103.8982,100.6742,98.9345,99.5066,100.3221,100.6611,98.6614,99.081
A,SN_Q_1852,P12345,2023-01-01,0,QIM,102.0235,98.13,100.352,105.7018,96.8659,103.7476,95.2639,100.4448,99.1826,97.8551,101.5435,100.6719,100.1626,100.2467,103.5423,100.8862,101.4497,100.5446,99.1167,100.8747,101.6547,101.0715,101.6104,100.3005,100.6993,101.9324,101.3895
A,SN_Q_6895,P12345,2023-01-01,0,QIM,100.9221,99.5071,99.9228,98.2849,99.6496,97.2364,96.4062,107.6487,103.8452,96.9292,98.8271,103.2444,98.7677,97.509,96.4733,96.6559,101.1309,98.5894,99.3184,98.164,98.7959,99.8915,101.9267,104.657,101.4225,100.6678,98.8997
A,SN_Q_3614,P12345,2023-01-01,0,QIM,102.0275,99.5853,100.4229,99.5393,103.2088,99.4657,98.62,95.6573,100.4453,99.9738,102.276,101.3786,98.3938,101.701,101.3067,100.5163,100.2984,101.7511,99.8535,103.8621,98.5615,99.5653,97.6253,102.1754,97.6321,100.0403,99.5572
