일련번호,품번,시험일자,운용월,1,2,3,4,5,6,7,8,9,10,11,12,13,14,15,16,17,18,19,20,21,22,23,24,25,26,27,합격여부
SG 16 D312 00,81040050,2017.06.05,0,2.22,2.03,2078,583,557,2524,5667,0,0,0,0,0,0,0,0,0,0,0,15.19,-15.33,9.88,0.29,22.06,0.94,9.75,0.27,24.04,합격
SG 16 D994 00,81040050,2017.01.09,127,2.29,2.05,2340,595,580,2778,5657,0,0,0,0,0,0,0,0,0,0,0,14.9,-14.55,9.81,0.25,20.66,0.97,9.34,0.21,23.61,합격
SG 16 D856 00,81040050,2016.02.11,120,2.23,2.03,1882,582,557,2912,5493,0,0,0,0,0,0,0,0,0,0,0,15.04,-14.94,9.6,0.12,22.36,0.69,9.63,0.25,22.18,합격
SG 15 D677 00,81040050,2015.08.21,113,2.18,2.1,1706,596,556,2749,5691,0,0,0,0,0,0,0,0,0,0,0,15.19,-15.4,9.63,0.29,22.05,0.67,9.93,0.3,24.23,합격
SG 16 D485 00,81040050,2016.12.25,0,2.1,2.1,2327,586,554,2614,5969,0,0,0,0,0,0,0,0,0,0,0,15.19,-15.03,10.18,0.11,21.2,0.95,9.94,0.35,22.04,합격
SG 17 D022 00,81040050,2016.10.29,0,2.17,2.03,1856,592,572,2562,5600,0,0,0,0,0,0,0,0,0,0,0,15.03,-15.26,9.57,0.15,20.14,0.79,9.85,0.18,24.3,합격
SG 15 D740 00,81040050,2017.03.22,119,2.29,2.02,1821,598,567,2434,5594,0,0,0,0,0,0,0,0,0,0,0,15.0,-15.3,9.76,0.17,22.47,1.07,9.6,0.3,22.08,합격
SG 17 D729 00,81040050,2015.09.05,0,2.3,2.08,2283,584,560,2594,5953,0,0,0,0,0,0,0,0,0,0,0,15.13,-14.72,9.87,0.23,20.12,0.8,9.6,0.3,21.19,합격
SG 17 D098 00,81040050,2015.04.16,0,2.18,2.03,1729,582,583,2474,5465,0,0,0,0,0,0,0,0,0,0,0,14.94,-15.05,9.86,0.17,20.96,0.7,9.38,0.31,21.82,합격
SG 15 D726 00,81040050,2017.05.02,0,2.1,2.01,1813,582,576,2910,5954,0,0,0,0,0,0,0,0,0,0,0,14.96,-15.2,9.97,0.2,21.36,0.9,9.3,0.33,23.6,합격
SG 16 D570 00,81040050,2016.05.11,0,2.25,2.07,1868,588,572,2576,5613,0,0,0,0,0,0,0,0,0,0,0,15.11,-14.84,10.14,0.25,20.23,1.04,9.56,0.3,24.23,합격
SG 17 D177 00,81040050,2016.11.29,117,2.13,2.09,2239,583,565,2811,5804,0,0,0,0,0,0,0,0,0,0,0,14.97,-15.5,10.1,0.13,20.13,0.6,9.82,0.28,23.37,합격
SG 16 D515 00,81040050,2017.08.12,0,2.26,2.02,2195,581,560,2718,5701,0,0,0,0,0,0,0,0,0,0,0,14.84,-14.55,9.54,0.13,20.59,1.09,9.86,0.24,23.63,합격
SG 17 D709 00,81040050,2017.07.28,0,2.25,2.04,1780,593,557,2750,5766,0,0,0,0,0,0,0,0,0,0,0,14.91,-15.33,10.13,0.17,21.63,0.95,9.53,0.23,22.2,합격
SG 16 D128 00,81040050,2015.04.12,0,2.17,2.08,1778,593,588,2626,5574,0,0,0,0,0,0,0,0,0,0,0,14.97,-14.69,9.99,0.12,21.18,0.9,9.69,0.24,21.92,합격
SG 16 D919 00,81040050,2016.08.19,0,2.16,2.01,2305,599,580,2807,5576,0,0,0,0,0,0,0,0,0,0,0,15.19,-14.73,10.17,0.1,20.14,0.6,9.59,0.27,21.71,합격
SG 17 D173 00,81040050,2017.01.14,0,2.16,2.0,1910,593,562,2588,5761,0,0,0,0,0,0,0,0,0,0,0,14.91,-14.55,9.41,0.29,20.26,1.04,9.98,0.34,23.9,합격
SG 17 D791 00,81040050,2016.03.25,0,2.17,2.09,2397,594,582,2418,5477,0,0,0,0,0,0,0,0,0,0,0,14.86,-14.61,10.19,0.28,20.37,0.69,9.6,0.27,21.18,불합격
SG 15 D310 00,81040050,2015.03.19,0,2.1,2.03,1965,590,562,2423,5687,0,0,0,0,0,0,0,0,0,0,0,15.15,-14.64,10.06,0.28,21.05,0.88,10.17,0.16,23.18,합격
SG 16 D664 00,81040050,2016.06.18,0,2.22,2.02,2142,586,574,2644,5562,0,0,0,0,0,0,0,0,0,0,0,14.87,-14.88,9.56,0.27,21.13,0.8,9.84,0.32,22.11,불합격
SG 17 D757 00,81040050,2015.07.02,0,2.13,2.04,1841,595,577,2981,5666,0,0,0,0,0,0,0,0,0,0,0,14.99,-14.64,10.11,0.14,21.21,0.72,9.39,0.34,21.21,합격
SG 17 D334 00,81040050,2017.04.14,0,2.17,2.07,2139,583,556,2878,5924,0,0,0,0,0,0,0,0,0,0,0,14.82,-15.04,9.92,0.11,21.77,1.03,9.53,0.16,21.31,합격
SG 17 D778 00,81040050,2016.09.14,113,2.23,2.05,2033,599,560,2964,5668,0,0,0,0,0,0,0,0,0,0,0,15.12,-15.26,9.73,0.27,21.69,0.81,9.41,0.23,23.49,합격
SG 17 D950 00,81040050,2016.02.22,0,2.21,2.04,1888,585,563,2913,5939,0,0,0,0,0,0,0,0,0,0,0,14.98,-14.99,9.56,0.12,20.82,0.74,10.18,0.29,23.7,합격
SG 16 D697 00,81040050,2015.03.25,0,2.28,2.02,1755,580,572,2776,5992,0,0,0,0,0,0,0,0,0,0,0,15.05,-15.38,9.47,0.15,21.68,0.65,10.16,0.31,21.77,합격
SG 15 D539 00,81040050,2015.01.20,0,2.11,2.06,2082,590,585,2627,5738,0,0,0,0,0,0,0,0,0,0,0,14.92,-15.22,9.99,0.1,21.04,0.78,9.75,0.22,23.09,합격
SG 15 D316 00,81040050,2016.04.23,0,2.18,2.02,2330,581,570,2640,5987,0,0,0,0,0,0,0,0,0,0,0,15.2,-15.18,9.86,0.14,20.73,0.81,9.37,0.34,24.16,불합격
SG 16 D409 00,81040050,2017.08.21,0,2.21,2.05,2391,598,580,2787,5840,0,0,0,0,0,0,0,0,0,0,0,14.87,-14.92,9.64,0.24,22.36,0.64,9.69,0.29,23.05,합격
SG 15 D301 00,81040050,2016.09.15,0,2.2,2.02,1799,583,560,2433,5844,0,0,0,0,0,0,0,0,0,0,0,14.97,-15.35,9.8,0.25,22.21,0.77,10.1,0.34,24.37,합격
SG 16 D649 00,81040050,2017.07.03,114,2.26,2.02,1953,594,565,2401,5709,0,0,0,0,0,0,0,0,0,0,0,14.89,-14.89,9.53,0.28,20.41,0.68,9.69,0.24,22.49,합격
SG 17 D453 00,81040050,2016.09.30,0,2.26,2.02,2337,592,566,2430,5476,0,0,0,0,0,0,0,0,0,0,0,15.03,-14.71,9.59,0.11,20.39,0.86,9.9,0.31,23.65,합격
SG 15 D215 00,81040050,2016.07.03,0,2.29,2.07,2397,599,564,2857,5664,0,0,0,0,0,0,0,0,0,0,0,14.88,-14.97,10.13,0.12,21.57,0.66,9.36,0.16,23.14,합격
SG 17 D053 00,81040050,2015.12.07,0,2.14,2.02,1957,600,572,2588,5997,0,0,0,0,0,0,0,0,0,0,0,14.84,-15.03,9.5,0.28,21.69,0.95,9.61,0.2,21.88,합격
SG 15 D337 00,81040050,2016.01.20,0,2.25,2.06,1915,595,580,2522,5489,0,0,0,0,0,0,0,0,0,0,0,14.93,-15.45,9.99,0.21,22.48,0.87,9.94,0.34,24.48,합격
SG 15 D299 00,81040050,2015.06.12,0,2.11,2.01,1995,590,573,2587,5865,0,0,0,0,0,0,0,0,0,0,0,14.99,-15.18,10.17,0.17,20.36,1.04,9.55,0.34,24.44,합격
SG 17 D283 00,81040050,2017.02.22,0,2.12,2.04,1903,588,559,2745,5460,0,0,0,0,0,0,0,0,0,0,0,15.14,-15.14,9.88,0.27,20.06,0.99,10.27,0.27,21.87,합격
SG 17 D603 00,81040050,2015.11.14,0,2.28,2.02,2193,590,560,2710,5748,0,0,0,0,0,0,0,0,0,0,0,14.83,-15.21,9.92,0.2,21.61,0.75,9.88,0.27,21.02,합격
SG 15 D645 00,81040050,2016.10.21,0,2.23,2.03,1736,586,568,2474,5893,0,0,0,0,0,0,0,0,0,0,0,15.16,-14.66,9.89,0.24,21.08,0.7,10.07,0.25,24.27,합격
SG 16 D903 00,81040050,2017.07.21,128,2.22,2.03,2372,588,561,2415,5632,0,0,0,0,0,0,0,0,0,0,0,15.06,-15.12,10.01,0.25,20.25,0.62,9.53,0.28,23.61,합격
SG 15 D582 00,81040050,2017.05.03,125,2.28,2.08,2081,594,559,2992,5685,0,0,0,0,0,0,0,0,0,0,0,15.07,-15.26,10.0,0.12,22.47,0.91,9.78,0.24,22.22,합격
SG 16 D397 00,81040050,2016.12.23,0,2.17,2.09,2149,597,551,2693,5818,0,0,0,0,0,0,0,0,0,0,0,15.01,-14.85,9.71,0.27,20.07,0.96,9.69,0.23,24.0,합격
SG 15 D791 00,81040050,2017.03.18,119,2.22,2.0,2323,589,553,2964,5473,0,0,0,0,0,0,0,0,0,0,0,15.02,-14.75,9.77,0.13,21.87,0.7,9.85,0.33,22.96,합격
SG 15 D736 00,81040050,2016.01.12,114,2.1,2.09,1970,593,559,2506,5497,0,0,0,0,0,0,0,0,0,0,0,15.07,-15.41,9.82,0.23,22.31,0.85,10.2,0.3,23.31,합격
SG 15 D216 00,81040050,2017.04.16,0,2.18,2.08,2372,596,574,2546,5588,0,0,0,0,0,0,0,0,0,0,0,15.15,-15.0,9.45,0.14,22.33,0.85,9.57,0.22,23.14,합격
SG 17 D405 00,81040050,2015.08.21,0,2.3,2.03,2387,585,571,2855,5836,0,0,0,0,0,0,0,0,0,0,0,14.97,-15.34,10.14,0.13,21.17,0.74,10.02,0.3,23.2,합격
SG 16 D307 00,81040050,2016.08.24,121,2.19,2.09,2071,593,574,2909,5554,0,0,0,0,0,0,0,0,0,0,0,15.1,-14.56,9.56,0.23,20.82,0.73,10.1,0.27,22.11,합격
SG 16 D388 00,81040050,2016.06.03,110,2.3,2.06,1970,583,586,2446,5927,0,0,0,0,0,0,0,0,0,0,0,15.12,-15.24,9.7,0.15,22.49,0.78,10.1,0.24,23.1,합격
SG 15 D351 00,81040050,2017.03.11,0,2.15,2.02,1707,590,553,2901,5813,0,0,0,0,0,0,0,0,0,0,0,14.92,-14.83,9.59,0.14,20.52,0.69,9.47,0.33,23.82,합격
SG 15 D146 00,81040050,2015.09.16,0,2.28,2.02,2012,585,575,2796,5691,0,0,0,0,0,0,0,0,0,0,0,14.88,-15.35,9.93,0.25,21.48,0.86,9.46,0.25,23.48,합격
SG 15 D440 00,81040050,2017.12.10,0,2.3,2.06,2193,588,584,2892,5752,0,0,0,0,0,0,0,0,0,0,0,15.04,-15.45,9.98,0.29,20.59,0.98,9.75,0.17,21.71,합격
SG 17 D154 00,81040050,2015.11.16,123,2.21,2.09,2052,590,590,2539,5968,0,0,0,0,0,0,0,0,0,0,0,14.85,-15.26,9.71,0.29,20.37,0.65,10.16,0.33,21.6,합격
SG 15 D890 00,81040050,2016.10.29,0,2.29,2.02,1754,584,578,2830,5906,0,0,0,0,0,0,0,0,0,0,0,15.03,-15.23,10.1,0.24,20.7,0.71,9.62,0.23,22.15,합격
SG 16 D114 00,81040050,2015.06.11,0,2.25,2.08,2019,597,584,2839,5652,0,0,0,0,0,0,0,0,0,0,0,15.13,-15.22,9.64,0.16,21.6,1.05,9.74,0.15,21.43,합격
SG 15 D229 00,81040050,2015.01.21,125,2.22,2.05,2133,595,556,2666,5617,0,0,0,0,0,0,0,0,0,0,0,14.81,-14.51,10.01,0.29,21.36,1.08,10.29,0.25,24.32,합격
SG 16 D361 00,81040050,2017.05.01,0,2.17,2.03,2168,590,564,2681,5620,0,0,0,0,0,0,0,0,0,0,0,15.18,-15.13,10.05,0.17,20.93,0.66,9.71,0.21,21.78,합격
SG 16 D908 00,81040050,2017.05.27,0,2.26,2.01,1854,586,586,2747,5872,0,0,0,0,0,0,0,0,0,0,0,15.19,-15.31,9.41,0.18,20.21,1.07,9.58,0.22,22.32,합격
SG 15 D102 00,81040050,2017.09.12,110,2.15,2.01,2069,589,551,2545,5470,0,0,0,0,0,0,0,0,0,0,0,15.15,-15.03,9.82,0.26,20.26,0.68,10.08,0.34,24.01,합격
SG 15 D088 00,81040050,2016.08.18,0,2.21,2.08,1706,590,551,2970,5806,0,0,0,0,0,0,0,0,0,0,0,14.97,-15.39,9.42,0.18,21.72,0.95,10.06,0.2,22.55,합격
SG 15 D596 00,81040050,2016.10.12,0,2.22,2.01,2335,586,585,2495,5907,0,0,0,0,0,0,0,0,0,0,0,14.94,-15.03,9.56,0.21,21.83,0.88,9.59,0.25,24.24,합격
SG 15 D547 00,81040050,2017.01.30,113,2.27,2.03,2221,594,556,2746,5955,0,0,0,0,0,0,0,0,0,0,0,15.11,-14.93,9.66,0.14,21.1,0.78,9.41,0.23,24.23,합격
SG 15 D277 00,81040050,2015.05.12,114,2.15,2.06,1882,581,582,2558,5885,0,0,0,0,0,0,0,0,0,0,0,15.03,-15.42,9.84,0.15,21.27,0.64,9.66,0.3,22.03,합격
SG 16 D328 00,81040050,2017.11.04,0,2.23,2.05,2372,590,555,2440,5628,0,0,0,0,0,0,0,0,0,0,0,14.88,-15.0,9.6,0.21,20.68,0.91,9.55,0.24,23.7,합격
SG 16 D475 00,81040050,2015.06.10,117,2.22,2.01,2171,596,569,2523,5949,0,0,0,0,0,0,0,0,0,0,0,15.19,-15.08,10.15,0.18,21.46,1.05,10.0,0.26,23.83,합격
SG 16 D505 00,81040050,2016.01.07,130,2.16,2.06,2075,582,579,2544,5743,0,0,0,0,0,0,0,0,0,0,0,14.89,-15.41,9.93,0.1,20.9,0.81,9.89,0.17,22.92,합격
SG 15 D847 00,81040050,2016.09.22,0,2.21,2.07,1903,592,573,2864,5579,0,0,0,0,0,0,0,0,0,0,0,15.14,-15.5,9.63,0.11,22.02,1.0,9.35,0.3,23.4,합격
SG 15 D613 00,81040050,2016.03.19,117,2.13,2.06,1961,590,584,2416,5751,0,0,0,0,0,0,0,0,0,0,0,14.98,-15.05,9.98,0.12,22.14,0.68,9.46,0.26,23.68,합격
SG 15 D044 00,81040050,2015.12.27,0,2.13,2.09,2148,587,559,2770,5419,0,0,0,0,0,0,0,0,0,0,0,14.86,-15.04,9.92,0.29,22.16,0.75,9.77,0.2,23.64,합격
SG 17 D659 00,81040050,2015.11.17,0,2.13,2.07,1744,581,557,2954,5886,0,0,0,0,0,0,0,0,0,0,0,15.06,-14.63,9.75,0.3,20.57,1.08,10.1,0.27,23.01,합격
SG 17 D493 00,81040050,2015.03.31,113,2.12,2.02,2124,583,581,2487,5801,0,0,0,0,0,0,0,0,0,0,0,14.93,-14.63,9.94,0.23,21.56,0.81,9.53,0.31,22.58,합격
SG 17 D076 00,81040050,2015.12.06,0,2.13,2.01,2045,598,559,2641,5854,0,0,0,0,0,0,0,0,0,0,0,14.98,-15.49,9.46,0.13,20.06,1.01,9.32,0.29,22.86,합격
SG 15 D888 00,81040050,2017.06.03,0,2.11,2.02,1834,586,573,2927,5538,0,0,0,0,0,0,0,0,0,0,0,15.18,-14.62,9.83,0.22,21.14,1.08,9.99,0.2,23.86,합격
SG 17 D377 00,81040050,2017.01.09,110,2.24,2.09,2305,599,583,2479,5627,0,0,0,0,0,0,0,0,0,0,0,15.03,-15.18,10.16,0.16,21.97,0.86,9.83,0.24,22.94,합격
SG 17 D612 00,81040050,2015.09.10,110,2.25,2.01,2371,589,583,2478,5513,0,0,0,0,0,0,0,0,0,0,0,15.1,-14.86,9.57,0.17,22.01,0.82,9.6,0.34,22.15,합격
SG 15 D418 00,81040050,2015.06.28,0,2.28,2.03,2228,584,572,2769,5954,0,0,0,0,0,0,0,0,0,0,0,14.84,-14.74,9.42,0.23,20.68,1.07,9.77,0.33,22.97,합격
SG 15 D309 00,81040050,2016.01.24,124,2.22,2.08,2372,590,563,2440,5671,0,0,0,0,0,0,0,0,0,0,0,14.82,-15.28,10.18,0.22,21.92,0.87,10.11,0.3,22.78,합격
SG 16 D521 00,81040050,2017.11.27,0,2.12,2.02,2203,591,586,2651,5507,0,0,0,0,0,0,0,0,0,0,0,14.82,-15.41,9.73,0.13,20.54,0.64,9.55,0.18,21.71,합격
SG 17 D118 00,81040050,2015.12.07,0,2.15,2.02,1981,582,561,2809,5539,0,0,0,0,0,0,0,0,0,0,0,15.15,-14.64,10.18,0.13,21.92,0.9,9.85,0.26,24.5,합격
SG 16 D704 00,81040050,2017.04.27,0,2.11,2.04,1961,591,576,2825,5826,0,0,0,0,0,0,0,0,0,0,0,14.87,-14.52,9.84,0.15,21.0,1.04,10.19,0.33,23.46,합격
SG 16 D709 00,81040050,2015.06.09,0,2.17,2.08,1773,595,574,2854,5739,0,0,0,0,0,0,0,0,0,0,0,15.05,-14.82,9.41,0.14,20.01,0.81,9.79,0.27,21.4,불합격
SG 16 D123 00,81040050,2017.06.27,128,2.12,2.07,2215,595,572,2739,5474,0,0,0,0,0,0,0,0,0,0,0,15.2,-14.94,9.51,0.24,20.34,0.63,9.98,0.31,22.81,합격
SG 15 D505 00,81040050,2017.01.22,0,2.15,2.01,2124,584,550,2578,5694,0,0,0,0,0,0,0,0,0,0,0,15.0,-14.57,9.57,0.18,20.06,0.93,10.12,0.3,24.09,합격
SG 16 D649 00,81040050,2017.12.14,0,2.19,2.05,1778,599,558,2973,5858,0,0,0,0,0,0,0,0,0,0,0,15.1,-14.75,9.56,0.29,21.32,0.78,9.57,0.34,21.06,합격
SG 17 D774 00,81040050,2016.02.18,0,2.23,2.02,1966,591,559,2485,5754,0,0,0,0,0,0,0,0,0,0,0,14.96,-14.73,10.14,0.22,20.9,0.65,9.72,0.25,21.66,합격
SG 17 D389 00,81040050,2016.01.05,0,2.11,2.09,1974,600,590,2504,5620,0,0,0,0,0,0,0,0,0,0,0,15.0,-15.05,10.08,0.27,20.82,0.69,9.33,0.21,23.18,합격
SG 16 D680 00,81040050,2016.12.11,0,2.24,2.02,2250,594,583,2885,5419,0,0,0,0,0,0,0,0,0,0,0,14.9,-14.87,9.78,0.15,21.51,0.85,9.44,0.3,21.98,합격
SG 17 D801 00,81040050,2015.06.26,0,2.27,2.09,2170,581,563,2503,5552,0,0,0,0,0,0,0,0,0,0,0,14.82,-15.18,9.84,0.16,21.07,0.63,9.56,0.17,22.44,합격
SG 16 D865 00,81040050,2015.06.07,0,2.26,2.05,2035,580,556,2503,5577,0,0,0,0,0,0,0,0,0,0,0,15.15,-14.67,9.47,0.28,20.77,0.78,9.34,0.17,24.22,합격
SG 16 D171 00,81040050,2015.08.31,126,2.26,2.08,2299,581,567,2538,5643,0,0,0,0,0,0,0,0,0,0,0,14.89,-14.71,9.93,0.1,22.35,0.82,9.94,0.34,22.26,합격
SG 16 D187 00,81040050,2017.06.29,0,2.27,2.04,1939,596,576,2965,5674,0,0,0,0,0,0,0,0,0,0,0,15.06,-14.74,10.2,0.18,20.03,0.86,9.32,0.17,23.48,합격
SG 17 D856 00,81040050,2017.09.20,0,2.29,2.04,2020,588,574,2984,5774,0,0,0,0,0,0,0,0,0,0,0,15.1,-14.55,9.44,0.11,20.28,0.74,9.83,0.2,23.1,합격
SG 15 D630 00,81040050,2017.05.06,0,2.12,2.08,1965,594,590,2956,5499,0,0,0,0,0,0,0,0,0,0,0,15.1,-14.76,9.82,0.24,21.69,0.64,10.0,0.29,21.89,합격
SG 16 D931 00,81040050,2017.02.13,0,2.17,2.04,2032,599,572,2729,5914,0,0,0,0,0,0,0,0,0,0,0,14.94,-14.56,10.01,0.11,21.42,0.66,10.3,0.24,22.1,불합격
SG 17 D445 00,81040050,2017.10.28,0,2.27,2.02,2275,586,587,2430,5749,0,0,0,0,0,0,0,0,0,0,0,14.97,-15.15,9.5,0.13,20.56,0.97,10.07,0.3,21.93,합격
SG 17 D127 00,81040050,2015.08.23,0,2.19,2.01,1753,585,560,2520,5602,0,0,0,0,0,0,0,0,0,0,0,14.83,-15.49,9.73,0.14,21.19,1.1,9.47,0.19,21.55,합격
SG 17 D284 00,81040050,2015.02.14,0,2.18,2.09,2336,595,580,2843,5460,0,0,0,0,0,0,0,0,0,0,0,14.82,-15.28,9.49,0.22,21.71,0.64,10.02,0.33,23.51,합격
SG 16 D902 00,81040050,2017.08.17,0,2.28,2.02,2258,583,554,2611,5507,0,0,0,0,0,0,0,0,0,0,0,15.13,-15.18,9.62,0.12,20.13,1.04,9.4,0.23,21.14,합격
SG 16 D838 00,81040050,2016.10.27,0,2.11,2.04,1786,599,581,2475,5544,0,0,0,0,0,0,0,0,0,0,0,14.95,-14.88,9.91,0.14,20.87,1.02,9.83,0.34,24.49,합격
SG 16 D713 00,81040050,2016.02.12,0,2.29,2.09,2058,592,562,2848,5405,0,0,0,0,0,0,0,0,0,0,0,15.2,-14.96,10.01,0.3,22.15,1.08,10.01,0.18,21.01,합격
SG 15 D249 00,81040050,2016.12.16,0,2.15,2.09,1820,582,576,2738,5564,0,0,0,0,0,0,0,0,0,0,0,15.16,-14.51,9.43,0.28,21.9,0.97,9.94,0.33,22.0,합격
SG 15 D395 00,81040050,2015.04.03,0,2.21,2.07,1984,592,577,2595,5775,0,0,0,0,0,0,0,0,0,0,0,15.11,-14.61,9.74,0.27,20.74,0.91,10.27,0.29,23.04,합격
SG 15 D633 00,81040050,2017.06.18,121,2.12,2.01,1974,597,570,2448,5535,0,0,0,0,0,0,0,0,0,0,0,14.83,-14.85,10.09,0.12,20.31,0.61,9.76,0.29,22.86,합격
SG 16 D071 00,81040050,2015.04.26,0,2.12,2.03,2000,593,558,2709,5657,0,0,0,0,0,0,0,0,0,0,0,15.12,-15.03,9.61,0.16,20.87,0.75,9.84,0.32,23.44,합격
SG 15 D288 00,81040050,2016.01.14,124,2.25,2.01,1842,581,585,2704,5740,0,0,0,0,0,0,0,0,0,0,0,15.2,-15.44,9.59,0.12,22.14,0.95,9.3,0.23,22.47,합격
SG 15 D658 00,81040050,2016.12.11,0,2.18,2.03,1915,600,555,2841,5861,0,0,0,0,0,0,0,0,0,0,0,15.1,-14.74,9.51,0.25,21.88,0.61,10.07,0.27,23.17,합격
SG 17 D186 00,81040050,2016.08.08,0,2.17,2.07,1946,594,573,2781,5708,0,0,0,0,0,0,0,0,0,0,0,14.94,-15.14,9.85,0.24,22.16,1.06,9.91,0.22,21.96,합격
SG 16 D140 00,81040050,2017.12.02,0,2.14,2.03,2319,596,561,2529,5585,0,0,0,0,0,0,0,0,0,0,0,15.08,-15.1,9.44,0.27,21.26,0.69,9.83,0.26,22.87,합격
SG 16 D166 00,81040050,2015.11.23,0,2.26,2.07,1934,580,566,2815,5907,0,0,0,0,0,0,0,0,0,0,0,15.2,-14.78,9.46,0.27,22.01,1.04,10.28,0.24,21.85,합격
SG 15 D376 00,81040050,2017.03.08,118,2.22,2.04,2251,582,565,2695,5769,0,0,0,0,0,0,0,0,0,0,0,15.18,-14.52,9.79,0.12,21.5,0.99,9.86,0.27,23.01,합격
SG 15 D614 00,81040050,2017.11.18,0,2.28,2.05,1984,581,580,2798,5466,0,0,0,0,0,0,0,0,0,0,0,15.16,-15.17,9.72,0.28,21.61,0.87,9.63,0.32,21.92,합격
SG 15 D298 00,81040050,2015.04.26,0,2.27,2.06,1948,599,551,2643,5832,0,0,0,0,0,0,0,0,0,0,0,15.09,-14.54,9.5,0.26,21.88,0.94,9.94,0.25,23.18,합격
SG 17 D497 00,81040050,2016.02.21,0,2.26,2.03,1864,581,583,2642,5658,0,0,0,0,0,0,0,0,0,0,0,14.85,-14.53,10.14,0.22,21.76,0.95,9.44,0.35,22.46,합격
SG 16 D784 00,81040050,2016.01.13,0,2.19,2.02,2215,594,552,2784,5657,0,0,0,0,0,0,0,0,0,0,0,15.05,-14.57,9.71,0.22,20.73,0.83,9.31,0.26,24.41,합격
SG 15 D125 00,81040050,2016.07.28,0,2.15,2.0,2227,593,577,2693,5422,0,0,0,0,0,0,0,0,0,0,0,14.89,-15.03,9.7,0.27,21.77,1.01,10.12,0.34,21.95,합격
SG 17 D566 00,81040050,2017.08.06,111,2.19,2.02,1957,600,563,2971,5792,0,0,0,0,0,0,0,0,0,0,0,15.03,-15.18,9.61,0.17,22.25,0.76,9.88,0.3,23.92,합격
SG 17 D843 00,81040050,2017.04.07,0,2.11,2.05,2040,599,571,2704,5549,0,0,0,0,0,0,0,0,0,0,0,14.81,-15.47,9.65,0.15,20.42,0.77,9.46,0.15,22.3,합격
SG 15 D771 00,81040050,2015.07.19,127,2.22,2.07,2130,596,587,2699,5575,0,0,0,0,0,0,0,0,0,0,0,15.05,-15.41,9.75,0.26,20.29,0.69,9.34,0.32,22.93,합격
SG 16 D470 00,81040050,2016.10.12,0,2.19,2.03,2217,584,553,2624,5737,0,0,0,0,0,0,0,0,0,0,0,14.8,-15.39,9.73,0.15,21.49,1.01,9.57,0.2,23.53,합격
SG 17 D310 00,81040050,2017.05.04,122,2.15,2.05,1934,587,569,2957,5618,0,0,0,0,0,0,0,0,0,0,0,14.88,-14.5,9.57,0.29,20.68,0.62,10.02,0.19,22.27,합격
SG 16 D974 00,81040050,2016.04.21,0,2.14,2.02,1986,581,569,2468,5676,0,0,0,0,0,0,0,0,0,0,0,15.17,-15.38,9.57,0.13,20.28,0.8,9.92,0.23,22.29,합격
SG 16 D040 00,81040050,2015.11.16,0,2.12,2.08,1766,590,552,2902,5443,0,0,0,0,0,0,0,0,0,0,0,14.85,-14.66,9.88,0.14,22.05,0.63,9.87,0.24,21.12,합격
SG 17 D137 00,81040050,2015.05.31,0,2.24,2.1,1997,597,551,2716,5446,0,0,0,0,0,0,0,0,0,0,0,15.08,-15.2,9.73,0.13,21.76,1.03,10.27,0.31,21.8,합격
SG 15 D457 00,81040050,2016.10.01,128,2.18,2.08,1778,590,560,2790,5775,0,0,0,0,0,0,0,0,0,0,0,15.02,-14.67,9.45,0.21,21.89,0.81,9.35,0.33,22.11,합격
SG 15 D027 00,81040050,2017.01.15,0,2.28,2.0,2288,580,580,2698,5842,0,0,0,0,0,0,0,0,0,0,0,14.93,-14.86,10.14,0.24,20.33,0.73,10.15,0.34,24.27,합격
SG 16 D765 00,81040050,2017.10.25,0,2.29,2.06,1974,588,560,2701,5471,0,0,0,0,0,0,0,0,0,0,0,14.8,-15.32,9.41,0.13,21.72,1.04,10.21,0.27,24.03,합격
SG 16 D786 00,81040050,2016.07.29,0,2.15,2.03,2156,595,577,2926,5893,0,0,0,0,0,0,0,0,0,0,0,14.87,-14.87,9.98,0.18,22.35,0.9,10.09,0.28,24.26,합격
SG 15 D143 00,81040050,2015.07.05,0,2.29,2.01,2332,595,568,2520,5860,0,0,0,0,0,0,0,0,0,0,0,15.0,-14.51,9.53,0.25,21.83,1.05,9.82,0.3,22.29,합격
SG 16 D574 00,81040050,2016.01.25,0,2.19,2.1,1786,596,567,2981,5976,0,0,0,0,0,0,0,0,0,0,0,14.82,-15.34,9.56,0.12,20.48,0.85,9.99,0.33,21.25,합격
SG 17 D224 00,81040050,2015.11.27,0,2.13,2.01,1833,599,563,2523,5860,0,0,0,0,0,0,0,0,0,0,0,15.1,-14.95,9.62,0.23,20.36,1.05,9.8,0.16,22.99,합격
SG 15 D304 00,81040050,2015.06.25,0,2.12,2.09,2153,590,569,2954,5576,0,0,0,0,0,0,0,0,0,0,0,14.9,-15.31,9.83,0.18,21.86,0.75,9.94,0.21,23.37,합격
SG 17 D248 00,81040050,2017.11.23,126,2.21,2.06,2322,593,584,2530,5717,0,0,0,0,0,0,0,0,0,0,0,14.85,-14.71,10.0,0.14,21.12,0.6,9.74,0.16,21.93,합격
SG 17 D845 00,81040050,2016.05.18,0,2.29,2.05,1994,599,556,2801,5926,0,0,0,0,0,0,0,0,0,0,0,15.0,-14.89,9.53,0.17,20.54,0.8,9.72,0.26,22.84,합격
SG 16 D878 00,81040050,2016.03.14,0,2.24,2.01,2072,592,558,2991,5677,0,0,0,0,0,0,0,0,0,0,0,14.87,-14.9,9.83,0.14,21.2,0.99,9.76,0.17,21.37,합격
SG 16 D640 00,81040050,2016.01.29,0,2.25,2.03,2322,582,588,2594,5848,0,0,0,0,0,0,0,0,0,0,0,15.12,-14.74,9.78,0.15,21.29,0.92,9.43,0.34,24.43,합격
SG 16 D384 00,81040050,2017.11.04,0,2.17,2.01,1849,588,584,2637,5431,0,0,0,0,0,0,0,0,0,0,0,15.19,-14.73,9.98,0.15,22.47,0.63,9.96,0.15,24.18,합격
SG 15 D230 00,81040050,2017.01.31,0,2.29,2.02,2376,586,558,2504,5547,0,0,0,0,0,0,0,0,0,0,0,15.14,-14.7,9.61,0.3,21.37,0.7,9.51,0.24,23.18,합격
SG 15 D578 00,81040050,2017.01.05,0,2.13,2.04,1835,592,584,2640,5632,0,0,0,0,0,0,0,0,0,0,0,15.0,-15.14,9.77,0.24,21.35,0.87,9.57,0.23,21.88,합격
SG 15 D413 00,81040050,2017.11.04,0,2.11,2.06,1950,582,585,2568,5855,0,0,0,0,0,0,0,0,0,0,0,15.14,-14.81,10.05,0.14,21.79,0.66,10.02,0.2,22.57,합격
SG 17 D130 00,81040050,2017.12.16,0,2.24,2.01,2106,583,575,2979,5997,0,0,0,0,0,0,0,0,0,0,0,14.83,-14.95,9.55,0.15,20.63,0.76,10.13,0.34,21.49,합격
SG 17 D294 00,81040050,2015.07.01,114,2.1,2.04,2171,585,564,2659,5540,0,0,0,0,0,0,0,0,0,0,0,15.18,-15.33,10.09,0.14,21.34,1.04,9.72,0.27,21.48,합격
SG 16 D834 00,81040050,2017.11.01,0,2.23,2.1,2150,591,569,2888,5859,0,0,0,0,0,0,0,0,0,0,0,14.84,-15.43,9.68,0.24,22.47,0.67,9.65,0.25,21.9,합격
SG 16 D285 00,81040050,2017.07.28,124,2.19,2.1,1930,584,577,2771,5679,0,0,0,0,0,0,0,0,0,0,0,15.0,-15.33,9.61,0.11,21.22,0.93,10.01,0.35,23.7,합격
SG 15 D152 00,81040050,2016.10.14,127,2.13,2.05,2355,583,550,2661,5503,0,0,0,0,0,0,0,0,0,0,0,14.81,-14.64,9.44,0.29,21.38,1.02,9.37,0.22,23.07,합격
SG 17 D527 00,81040050,2016.06.11,0,2.24,2.09,2306,580,559,2609,5975,0,0,0,0,0,0,0,0,0,0,0,14.9,-14.57,9.65,0.3,20.69,0.94,9.77,0.17,23.45,합격
SG 17 D972 00,81040050,2015.07.03,0,2.23,2.06,1724,600,563,2875,5734,0,0,0,0,0,0,0,0,0,0,0,14.96,-15.12,9.99,0.23,20.78,0.73,10.03,0.25,21.12,합격
SG 17 D836 00,81040050,2017.03.11,120,2.18,2.08,1748,596,577,2865,5807,0,0,0,0,0,0,0,0,0,0,0,15.06,-14.89,9.76,0.13,22.14,0.8,9.5,0.17,23.09,합격
SG 15 D180 00,81040050,2017.09.17,0,2.29,2.08,2289,593,563,2707,5534,0,0,0,0,0,0,0,0,0,0,0,15.18,-14.97,9.64,0.15,20.76,0.83,10.16,0.22,22.79,합격
SG 17 D192 00,81040050,2016.09.26,126,2.2,2.03,1799,596,586,2840,5803,0,0,0,0,0,0,0,0,0,0,0,14.93,-15.12,9.54,0.12,21.12,1.05,9.93,0.3,22.91,합격
SG 15 D659 00,81040050,2017.04.06,0,2.24,2.0,1814,600,567,2699,5907,0,0,0,0,0,0,0,0,0,0,0,15.12,-14.62,9.81,0.14,20.63,0.9,9.41,0.34,21.86,합격
SG 15 D452 00,81040050,2017.04.19,0,2.14,2.08,2305,590,564,2745,5858,0,0,0,0,0,0,0,0,0,0,0,15.05,-14.55,9.82,0.15,21.14,0.87,9.5,0.28,23.95,합격
SG 17 D429 00,81040050,2016.04.27,0,2.15,2.08,2191,598,550,2966,5953,0,0,0,0,0,0,0,0,0,0,0,15.15,-15.19,9.7,0.3,21.4,0.79,9.66,0.31,22.86,불합격
